City_ID,City,Country,Date,Lat,Lng,Max Temp,Humidity,Cloudiness,Wind Speed
0,Alexandria,EG,2021-01-11 12:57:32,31.2156,29.9553,71.28,54,0,14.94
1,Avarua,CK,2021-01-11 12:56:27,-21.2078,-159.775,77.0,88,75,6.91
2,Oussouye,SN,2021-01-11 12:59:43,12.485,-16.5469,82.4,38,0,16.11
3,Glace Bay,CA,2021-01-11 12:59:43,46.1969,-59.957,28.0,80,75,8.05
4,Tasiilaq,GL,2021-01-11 12:54:05,65.6145,-37.6368,19.4,53,75,3.44
5,Ancud,CL,2021-01-11 12:54:06,-41.8697,-73.8203,57.0,76,0,4.61
6,Cap Malheureux,MU,2021-01-11 12:57:48,-19.9842,57.6142,80.01,91,51,5.01
7,Opuwo,NA,2021-01-11 12:59:44,-18.0607,13.84,81.95,30,33,6.51
8,Zverinogolovskoye,RU,2021-01-11 12:59:44,54.4586,64.8542,-4.29,90,100,11.74
9,Faanui,PF,2021-01-11 12:57:34,-16.4833,-151.75,80.87,76,49,19.66
10,Cidreira,BR,2021-01-11 12:55:40,-30.1811,-50.2056,80.49,73,0,18.05
11,Rikitea,PF,2021-01-11 12:55:19,-23.1203,-134.9692,77.54,78,100,18.23
12,Iqaluit,CA,2021-01-11 12:56:42,63.7506,-68.5145,3.2,78,90,2.3
13,Pevek,RU,2021-01-11 12:57:27,69.7008,170.3133,-30.35,86,100,2.59
14,Dingle,PH,2021-01-11 12:57:54,10.9995,122.6711,74.73,89,100,13.31
15,Atuona,PF,2021-01-11 12:55:15,-9.8,-139.0333,76.73,81,72,15.61
16,Batagay,RU,2021-01-11 12:59:44,67.6333,134.6333,-39.08,78,46,3.56
17,Mataura,NZ,2021-01-11 12:57:26,-46.1927,168.8643,55.99,78,56,3.0
18,Mehran,IR,2021-01-11 12:59:44,33.1222,46.1646,60.8,12,0,4.61
19,Mchinji,MW,2021-01-11 12:59:44,-13.7984,32.8802,73.56,84,100,6.67
20,Victoria,HK,2021-01-11 12:52:55,22.2855,114.1577,50.0,40,100,1.99
21,Ushuaia,AR,2021-01-11 12:57:26,-54.8,-68.3,41.0,75,75,28.77
22,Castro,BR,2021-01-11 12:57:29,-24.7911,-50.0119,74.07,76,57,5.23
23,Zhigansk,RU,2021-01-11 12:57:54,66.7697,123.3711,-41.19,80,97,8.75
24,Puerto Ayora,EC,2021-01-11 12:57:35,-0.7393,-90.3518,73.0,93,1,4.12
25,Busselton,AU,2021-01-11 12:57:29,-33.65,115.3333,66.99,67,1,4.0
26,Saskylakh,RU,2021-01-11 12:57:37,71.9167,114.0833,-8.61,89,100,10.71
27,Tuatapere,NZ,2021-01-11 12:57:31,-46.1333,167.6833,55.99,78,34,3.0
28,Tiarei,PF,2021-01-11 12:59:44,-17.5333,-149.3333,75.2,78,40,17.27
29,Leningradskiy,RU,2021-01-11 12:55:16,69.3833,178.4167,-21.5,84,100,13.53
30,Adrar,MR,2021-01-11 12:56:28,20.5022,-10.0711,66.45,31,95,19.46
31,Cherskiy,RU,2021-01-11 12:57:34,68.75,161.3,-36.22,82,0,1.41
32,Peniche,PT,2021-01-11 12:59:45,39.3558,-9.3811,53.01,38,0,5.01
33,Estelle,US,2021-01-11 12:59:45,29.8458,-90.1067,43.0,100,90,11.5
34,Killybegs,IE,2021-01-11 12:57:43,54.6333,-8.45,50.0,93,90,19.57
35,Lebu,CL,2021-01-11 12:57:39,-37.6167,-73.65,56.16,64,6,11.7
36,Tabuk,PH,2021-01-11 12:59:45,17.4189,121.4443,64.8,86,38,6.02
37,Longyearbyen,SJ,2021-01-11 12:57:44,78.2186,15.6401,17.6,79,20,12.66
38,Tuktoyaktuk,CA,2021-01-11 12:57:31,69.4541,-133.0374,3.79,94,100,13.76
39,San Patricio,US,2021-01-11 12:57:35,28.017,-97.5169,37.99,87,40,9.22
40,Kapaa,US,2021-01-11 12:54:15,22.0752,-159.319,73.4,83,1,11.5
41,Ucluelet,CA,2021-01-11 12:57:59,48.9329,-125.5528,50.0,93,100,1.99
42,Bastrop,US,2021-01-11 12:58:07,32.7562,-91.8724,32.0,100,90,7.05
43,New Norfolk,AU,2021-01-11 12:57:29,-42.7826,147.0587,73.99,54,100,1.99
44,Hanna,CA,2021-01-11 12:59:45,51.6334,-111.9018,24.01,85,100,5.01
45,Butaritari,KI,2021-01-11 12:57:32,3.0707,172.7902,81.27,82,21,19.04
46,Margate,GB,2021-01-11 12:57:41,51.3813,1.3862,46.0,72,100,3.0
47,Coquimbo,CL,2021-01-11 12:56:41,-29.9533,-71.3436,60.8,82,20,8.05
48,Punta Arenas,CL,2021-01-11 12:57:30,-53.15,-70.9167,44.6,65,75,23.02
49,Port Alfred,ZA,2021-01-11 12:57:32,-33.5906,26.891,72.0,88,99,5.99
50,Albany,US,2021-01-11 12:57:27,42.6001,-73.9662,27.0,76,100,1.25
51,Hermanus,ZA,2021-01-11 12:55:41,-34.4187,19.2345,80.01,58,9,11.01
52,Lavrentiya,RU,2021-01-11 12:57:43,65.5833,-171.0,-13.41,82,100,13.78
53,Bud,US,2021-01-11 12:59:45,39.447,-86.1758,25.0,82,0,4.47
54,Mar Del Plata,AR,2021-01-11 12:52:54,-38.0023,-57.5575,72.0,78,0,6.91
55,Cape Town,ZA,2021-01-11 12:56:35,-33.9258,18.4232,82.4,42,0,17.27
56,Dubuque,US,2021-01-11 12:59:45,42.4833,-90.8668,28.0,86,90,11.5
57,Airai,TL,2021-01-11 12:57:29,-8.9266,125.4092,63.32,100,86,1.48
58,Barrow,US,2021-01-11 12:56:33,71.2906,-156.7887,3.2,85,90,16.11
59,Los Llanos De Aridane,ES,2021-01-11 12:57:33,28.6585,-17.9182,66.2,48,20,13.8
60,Arraial Do Cabo,BR,2021-01-11 12:57:31,-22.9661,-42.0278,80.6,78,0,12.66
61,Constitucion,CL,2021-01-11 12:57:51,-35.3333,-72.4167,61.61,63,0,9.84
62,Severo-Kurilsk,RU,2021-01-11 12:57:46,50.6789,156.125,17.91,92,99,17.9
63,Nikolskoye,RU,2021-01-11 12:57:31,59.7035,30.7861,10.99,85,20,8.95
64,Brae,GB,2021-01-11 12:59:46,60.3964,-1.353,37.4,60,75,13.8
65,Upernavik,GL,2021-01-11 12:57:27,72.7868,-56.1549,15.82,88,100,8.41
66,Aitape,PG,2021-01-11 12:57:52,-3.1374,142.3475,80.6,79,87,2.68
67,Banda Aceh,ID,2021-01-11 12:58:04,5.5577,95.3222,79.56,80,42,13.29
68,Gelemso,ET,2021-01-11 12:59:46,8.8167,40.5167,71.37,43,63,8.59
69,Te Anau,NZ,2021-01-11 12:57:09,-45.4167,167.7167,46.0,85,10,0.81
70,Hobart,AU,2021-01-11 12:55:33,-42.8794,147.3294,73.99,60,0,4.61
71,Tura,IN,2021-01-11 12:58:07,25.5198,90.2201,64.45,50,3,3.49
72,Khatanga,RU,2021-01-11 12:57:32,71.9667,102.5,-6.05,92,100,8.84
73,Broome,US,2021-01-11 12:57:56,42.2506,-75.833,25.0,93,90,3.44
74,Port Blair,IN,2021-01-11 12:53:05,11.6667,92.75,79.92,78,22,13.18
75,Biak,ID,2021-01-11 12:57:42,-0.9131,122.8766,79.57,81,24,0.92
76,Bluff,NZ,2021-01-11 12:54:11,-46.6,168.3333,55.99,78,98,3.0
77,Mogadishu,SO,2021-01-11 12:54:48,2.0371,45.3438,79.61,67,0,25.72
78,Tres Palos,MX,2021-01-11 12:59:46,18.1833,-101.6167,65.68,62,93,2.98
79,Svetlaya,RU,2021-01-11 12:59:46,46.5389,138.3297,4.93,82,95,8.84
80,Chokurdakh,RU,2021-01-11 12:57:34,70.6333,147.9167,-34.38,82,0,5.19
81,Mayo,US,2021-01-11 12:55:46,38.8876,-76.5119,30.2,100,1,0.29
82,Alta Floresta,BR,2021-01-11 12:57:34,-9.8756,-56.0861,77.27,89,71,3.96
83,Kodiak,US,2021-01-11 12:57:54,57.79,-152.4072,37.4,81,90,14.97
84,Agirish,RU,2021-01-11 12:58:06,61.9247,63.0231,-24.74,87,0,4.07
85,Hasaki,JP,2021-01-11 12:57:35,35.7333,140.8333,30.2,69,20,3.44
86,Peleduy,RU,2021-01-11 12:59:47,59.6289,112.7406,-11.58,87,100,3.69
87,Dikson,RU,2021-01-11 12:57:27,73.5069,80.5464,6.96,96,100,9.75
88,Fort-Shevchenko,KZ,2021-01-11 12:59:47,44.5086,50.263,35.01,86,100,12.19
89,Vila Velha,BR,2021-01-11 12:57:43,-20.3297,-40.2925,84.99,65,20,12.66
90,Douentza,ML,2021-01-11 12:59:47,14.9951,-2.9517,93.49,10,0,8.43
91,Fereydun Kenar,IR,2021-01-11 12:59:47,36.6864,52.5225,57.2,72,0,2.3
92,Qaanaaq,GL,2021-01-11 12:57:30,77.484,-69.3632,-0.29,76,0,5.99
93,Marsh Harbour,BS,2021-01-11 12:59:47,26.5412,-77.0636,70.47,66,100,11.99
94,Hilo,US,2021-01-11 12:55:28,19.7297,-155.09,71.6,78,90,6.91
95,Marabba,SD,2021-01-11 12:59:47,12.35,32.1833,93.78,12,0,7.76
96,Maningrida,AU,2021-01-11 12:59:47,-12.0667,134.2667,81.99,79,1,2.48
97,Bestobe,KZ,2021-01-11 12:59:47,52.4994,73.0975,14.85,97,100,8.79
98,Bandarbeyla,SO,2021-01-11 12:57:41,9.4942,50.8122,75.25,65,83,24.92
99,Halifax,CA,2021-01-11 12:52:51,44.6453,-63.5724,23.0,93,75,2.3
100,Bakchar,RU,2021-01-11 12:59:47,57.0186,82.0711,-24.21,86,0,6.2
101,Port Macquarie,AU,2021-01-11 12:57:45,-31.4333,152.9167,64.0,92,36,7.11
102,Chara,RU,2021-01-11 12:59:48,56.9064,118.2631,-19.64,74,89,0.81
103,Rafaela,AR,2021-01-11 12:58:39,-31.2503,-61.4867,87.13,59,99,5.06
104,Plouzane,FR,2021-01-11 12:59:48,48.3833,-4.6167,48.2,81,90,10.36
105,Aginskoye,RU,2021-01-11 12:59:48,51.1,114.53,3.87,88,100,3.24
106,Fortuna,US,2021-01-11 12:57:43,40.5982,-124.1573,46.99,100,1,13.8
107,Faya,SA,2021-01-11 12:59:48,18.3851,42.4509,50.0,76,75,8.05
108,Lisakovsk,KZ,2021-01-11 12:59:48,52.5369,62.4936,4.53,94,100,13.62
109,Vilhena,BR,2021-01-11 12:59:48,-12.7406,-60.1458,75.2,88,0,8.05
110,Nueva Helvecia,UY,2021-01-11 12:59:48,-34.3,-57.2333,68.0,94,90,9.22
111,Uribia,CO,2021-01-11 12:59:48,11.7139,-72.266,80.6,70,94,21.92
112,Saint George,US,2021-01-11 12:58:05,37.1041,-113.5841,26.6,54,1,4.05
113,Oxapampa,PE,2021-01-11 12:59:48,-10.5775,-75.4017,65.44,75,40,0.27
114,Kavieng,PG,2021-01-11 12:57:27,-2.5744,150.7967,82.54,71,99,4.63
115,Norman Wells,CA,2021-01-11 12:54:22,65.282,-126.8329,-7.6,84,20,5.75
116,Tiznit,MA,2021-01-11 12:57:55,29.5833,-9.5,53.47,63,53,12.95
117,Morden,CA,2021-01-11 12:58:57,49.1919,-98.1014,26.6,93,100,2.3
118,Sao Filipe,CV,2021-01-11 12:57:44,14.8961,-24.4956,71.46,67,100,16.02
119,Lata,PT,2021-01-11 12:57:36,40.1629,-8.3327,52.0,51,0,15.99
120,La Ronge,CA,2021-01-11 12:57:56,55.1001,-105.2842,17.6,79,89,2.3
121,Vallenar,CL,2021-01-11 12:59:49,-28.5708,-70.7581,71.82,42,0,3.8
122,Iquique,CL,2021-01-11 12:59:49,-20.2208,-70.1431,71.6,60,0,4.61
123,Smithers,CA,2021-01-11 12:57:52,54.7804,-127.1743,39.2,70,90,5.75
124,Havlickuv Brod,CZ,2021-01-11 12:59:20,49.6078,15.5807,30.99,94,0,4.09
125,Ixtapa,MX,2021-01-11 12:59:49,20.7,-105.2,64.4,94,75,3.06
126,Lompoc,US,2021-01-11 12:57:27,34.6391,-120.4579,46.0,100,90,6.91
127,Chapais,CA,2021-01-11 12:57:46,49.7834,-74.8492,10.4,85,90,5.75
128,Port Elizabeth,ZA,2021-01-11 12:57:33,-33.918,25.5701,71.6,78,90,17.27
129,Belaya Glina,RU,2021-01-11 12:59:49,46.07,40.86,35.19,81,100,2.53
130,Jha Jha,IN,2021-01-11 12:59:49,24.7667,86.3667,67.17,54,0,5.86
131,Itarema,BR,2021-01-11 12:57:19,-2.9248,-39.9167,85.89,59,92,13.24
132,Cayenne,GF,2021-01-11 12:57:50,4.9333,-52.3333,82.4,83,75,12.66
133,Wewak,PG,2021-01-11 12:59:49,-3.5534,143.6268,81.36,77,86,3.33
134,Karratha,AU,2021-01-11 12:56:57,-20.7377,116.8463,88.83,67,0,12.26
135,Meulaboh,ID,2021-01-11 12:59:50,4.1363,96.1285,79.34,75,100,3.87
136,Plettenberg Bay,ZA,2021-01-11 12:58:08,-34.0527,23.3716,73.2,74,5,17.43
137,Singaraja,ID,2021-01-11 12:59:50,-8.112,115.0882,82.42,75,100,1.3
138,Vaini,TO,2021-01-11 12:57:27,-21.2,-175.2,77.0,88,75,5.75
139,Carballo,ES,2021-01-11 12:59:50,43.213,-8.691,50.0,62,20,9.22
140,Codrington,AU,2021-01-11 12:57:32,-38.2667,141.9667,63.07,87,53,15.26
141,Pilar,BR,2021-01-11 12:59:50,-9.5972,-35.9567,86.0,62,75,11.5
142,Aquidauana,BR,2021-01-11 12:59:50,-20.4711,-55.7872,88.16,48,0,5.64
143,Ciudad Bolivar,VE,2021-01-11 12:59:50,8.1222,-63.5497,78.13,76,53,13.73
144,Bredasdorp,ZA,2021-01-11 12:54:35,-34.5322,20.0403,75.2,57,95,19.57
145,Manggar,ID,2021-01-11 12:59:51,-2.8833,108.2667,79.47,85,100,9.4
146,Alekseyevsk,RU,2021-01-11 12:59:51,57.8406,108.3492,-8.93,89,100,2.42
147,Seoul,KR,2021-01-11 12:57:51,37.5683,126.9778,21.2,58,75,5.75
148,Santa Barbara,US,2021-01-11 12:59:51,34.7333,-120.0343,46.0,93,1,4.23
149,College,US,2021-01-11 12:56:48,64.8569,-147.8028,21.99,73,75,3.44
150,Bubaque,GW,2021-01-11 12:54:24,11.2833,-15.8333,79.47,52,0,16.93
151,Tautira,PF,2021-01-11 12:57:48,-17.7333,-149.15,75.2,78,40,17.27
152,Udachnyy,RU,2021-01-11 12:57:45,66.4167,112.4,-35.88,81,7,4.63
153,Coihaique,CL,2021-01-11 12:56:15,-45.5752,-72.0662,44.6,70,75,5.75
154,Ust-Nera,RU,2021-01-11 12:59:51,64.5667,143.2,-27.72,75,100,3.89
155,Lazaro Cardenas,MX,2021-01-11 12:57:42,17.9583,-102.2,70.38,71,3,5.7
156,Sitka,US,2021-01-11 12:57:39,57.0531,-135.33,41.0,81,75,9.22
157,Shenjiamen,CN,2021-01-11 12:59:51,29.9576,122.298,41.16,64,0,21.94
158,Provideniya,RU,2021-01-11 12:57:27,64.3833,-173.3,-7.56,83,100,11.01
159,San Cristobal,VE,2021-01-11 12:57:33,7.7669,-72.225,69.49,75,76,4.61
160,Jumla,NP,2021-01-11 12:59:51,29.2747,82.1838,41.36,50,25,2.37
161,Sao Joao Da Barra,BR,2021-01-11 12:57:34,-21.6403,-41.0511,82.4,65,0,11.5
162,Imbituba,BR,2021-01-11 12:57:37,-28.24,-48.6703,80.6,78,40,6.91
163,Krasnoselkup,RU,2021-01-11 12:59:51,65.7,82.4667,-2.67,92,100,17.18
164,Mufulira,ZM,2021-01-11 12:59:51,-12.5498,28.2407,71.78,82,100,2.84
165,Auki,SB,2021-01-11 12:57:50,-8.7676,160.7034,79.05,83,100,3.58
166,Constantine,DZ,2021-01-11 12:59:51,36.365,6.6147,51.8,50,20,6.91
167,Limon,CR,2021-01-11 12:59:51,10.0,-83.0333,71.6,100,75,4.61
168,Patnagarh,IN,2021-01-11 12:59:52,20.7167,83.15,75.97,44,7,1.05
169,Tazovskiy,RU,2021-01-11 12:59:52,67.4667,78.7,1.69,93,100,20.8
170,Roebourne,AU,2021-01-11 12:59:52,-20.7833,117.1333,89.4,63,0,12.33
171,Boca Do Acre,BR,2021-01-11 12:59:52,-8.7522,-67.3978,82.29,70,18,2.86
172,Jawa,JO,2021-01-11 12:59:52,31.8525,35.9393,69.8,30,0,3.44
173,San Ramon,US,2021-01-11 12:57:08,37.7799,-121.978,46.4,71,1,5.75
174,Georgetown,MY,2021-01-11 12:57:27,5.4112,100.3354,84.0,69,20,8.05
175,Phultala,BD,2021-01-11 12:59:52,22.7,89.5167,76.03,42,47,4.7
176,Torbay,CA,2021-01-11 12:57:28,47.6666,-52.7314,30.99,86,90,19.57
177,Poros,GR,2021-01-11 12:59:52,37.4994,23.4536,72.0,65,0,8.01
178,Srednekolymsk,RU,2021-01-11 12:57:35,67.45,153.6833,-34.83,82,0,3.96
179,Cabo San Lucas,MX,2021-01-11 12:56:04,22.8909,-109.9124,53.01,59,0,1.01
180,Jamestown,US,2021-01-11 12:57:26,42.097,-79.2353,27.0,93,90,6.91
181,Emerald,AU,2021-01-11 12:57:40,-23.5333,148.1667,78.8,73,75,13.8
182,Boa Esperanca,BR,2021-01-11 12:59:52,-21.09,-45.5658,71.58,90,100,4.76
183,Rocha,UY,2021-01-11 12:58:00,-34.4833,-54.3333,85.41,57,100,12.41
184,Senanga,ZM,2021-01-11 12:59:52,-16.1167,23.2667,81.16,67,96,5.3
185,Husavik,IS,2021-01-11 12:59:52,66.0449,-17.3389,24.8,80,90,6.91
186,Ribeira Grande,PT,2021-01-11 12:57:42,38.5167,-28.7,62.6,94,75,10.36
187,Ust-Maya,RU,2021-01-11 12:59:52,60.4167,134.5333,-47.27,77,79,0.87
188,Port Hardy,CA,2021-01-11 12:57:51,50.6996,-127.4199,46.4,100,90,10.36
189,Kruisfontein,ZA,2021-01-11 12:57:42,-34.0033,24.7314,73.0,76,99,7.0
190,Vestmannaeyjar,IS,2021-01-11 12:57:47,63.4427,-20.2734,30.2,69,0,3.44
191,Tambura,SS,2021-01-11 12:59:53,5.6,27.4667,100.13,11,33,3.62
192,Berlevag,NO,2021-01-11 12:57:31,70.8578,29.0864,15.8,67,100,41.43
193,Sayyan,YE,2021-01-11 12:59:53,15.1718,44.3244,60.28,33,18,1.54
194,Staroye Drozhzhanoye,RU,2021-01-11 12:59:53,54.7266,47.5677,-6.59,91,100,5.93
195,Bria,CF,2021-01-11 12:59:53,6.5423,21.9863,100.44,9,0,3.71
196,Yellowknife,CA,2021-01-11 12:57:27,62.456,-114.3525,15.8,92,90,13.8
197,Parnu-Jaagupi,EE,2021-01-11 12:59:53,58.6105,24.5069,34.0,99,97,1.01
198,Bethel,US,2021-01-11 12:57:34,41.3712,-73.414,21.2,86,1,2.3
199,Ende,ID,2021-01-11 12:59:53,-8.8432,121.6623,81.0,76,90,1.43
200,Bull Savanna,JM,2021-01-11 12:59:53,17.8868,-77.5902,74.44,85,100,6.42
201,Port Lincoln,AU,2021-01-11 12:58:00,-34.7333,135.8667,61.7,78,35,14.23
202,Mpongwe,ZM,2021-01-11 12:59:53,-13.5091,28.155,72.05,83,99,3.67
203,Nelson Bay,AU,2021-01-11 12:57:35,-32.7167,152.15,72.0,68,0,10.36
204,Porto Novo,BJ,2021-01-11 12:57:34,6.4965,2.6036,86.0,74,40,11.5
205,Pingliang,CN,2021-01-11 12:59:53,35.5392,106.6861,12.99,88,0,3.0
206,Soyo,AO,2021-01-11 12:59:53,-6.1349,12.3689,87.8,66,75,8.05
207,Rio Gallegos,AR,2021-01-11 12:57:43,-51.6226,-69.2181,46.4,53,40,21.85
208,Nanortalik,GL,2021-01-11 12:57:41,60.1432,-45.2371,30.58,95,100,3.18
209,Lasa,IT,2021-01-11 12:57:31,46.6166,10.7002,28.4,39,0,10.36
210,Divnogorsk,RU,2021-01-11 12:59:53,55.9594,92.3619,-4.0,84,100,4.47
211,Deputatskiy,RU,2021-01-11 12:58:08,69.3,139.9,-38.33,81,0,2.3
212,Alyangula,AU,2021-01-11 12:57:30,-13.8483,136.4192,80.6,94,100,3.44
213,Svetlyy,RU,2021-01-11 12:59:54,54.675,20.1347,33.8,86,90,11.18
214,Anadyr,RU,2021-01-11 12:59:54,64.75,177.4833,-31.0,75,0,6.71
215,Tommot,RU,2021-01-11 12:59:54,58.9564,126.2925,-30.86,81,93,1.92
216,Ponta Do Sol,PT,2021-01-11 12:57:51,32.6667,-17.1,57.0,77,2,1.01
217,Aksha,RU,2021-01-11 12:59:54,50.2814,113.2867,3.87,81,100,1.72
218,Ada,US,2021-01-11 12:59:01,43.4166,-116.1262,26.01,80,1,3.44
219,Yulara,AU,2021-01-11 12:57:35,-25.2406,130.9889,93.2,10,0,6.91
220,Mendoza,AR,2021-01-11 12:56:30,-32.8908,-68.8272,71.6,35,20,16.11
221,Saint-Philippe,RE,2021-01-11 12:56:00,-21.3585,55.7679,84.2,79,20,16.11
222,Aklavik,CA,2021-01-11 12:57:32,68.2191,-135.0107,-4.0,84,90,3.44
223,Goleniow,PL,2021-01-11 12:59:54,53.5639,14.8285,35.01,93,90,10.36
224,Hashtrud,IR,2021-01-11 12:59:54,37.4779,47.0508,29.93,86,100,1.7
225,Alepe,CI,2021-01-11 12:59:54,5.5004,-3.6631,87.8,74,20,12.66
226,Lufilufi,WS,2021-01-11 12:59:54,-13.8745,-171.5986,77.0,94,75,5.75
227,Hithadhoo,MV,2021-01-11 12:57:32,-0.6,73.0833,81.03,77,100,14.25
228,Galveston,US,2021-01-11 12:59:54,29.3669,-94.9669,39.99,81,90,23.02
229,Hinton,CA,2021-01-11 12:59:55,53.4001,-117.5857,30.2,74,51,4.61
230,Santa Cruz Del Sur,CU,2021-01-11 12:57:56,20.7147,-77.9956,73.36,86,100,14.9
231,Rawlins,US,2021-01-11 12:59:55,41.7911,-107.2387,-2.2,71,1,8.59
232,Mizdah,LY,2021-01-11 12:59:55,31.4451,12.9801,74.62,20,27,12.39
233,Antofagasta,CL,2021-01-11 12:59:16,-23.65,-70.4,66.2,72,40,8.05
234,Kupang,ID,2021-01-11 12:54:08,-10.1667,123.5833,80.6,94,20,3.44
235,Xam Nua,LA,2021-01-11 12:57:48,20.4197,104.0439,38.37,73,98,2.95
236,Gamba,GA,2021-01-11 12:57:50,-2.65,10.0,81.32,81,98,10.6
237,Rupert,US,2021-01-11 12:59:55,42.6191,-113.6772,19.4,86,1,3.44
238,Arona,ES,2021-01-11 12:59:55,28.0996,-16.681,68.0,40,20,18.41
239,Moses Lake,US,2021-01-11 12:59:55,47.1301,-119.2781,37.4,87,20,3.33
240,Thompson,CA,2021-01-11 12:57:26,55.7435,-97.8558,10.4,92,75,3.44
241,Asau,RO,2021-01-11 12:59:55,46.4333,26.4,30.99,67,100,3.4
242,Forestville,US,2021-01-11 12:59:55,38.8451,-76.875,32.0,86,40,2.04
243,Maroantsetra,MG,2021-01-11 12:59:55,-15.4333,49.7333,83.39,69,100,10.45
244,Sorong,ID,2021-01-11 12:59:55,-0.8833,131.25,82.04,80,100,5.68
245,Vardo,NO,2021-01-11 12:57:45,70.3705,31.1107,17.6,79,40,28.77
246,Katsuura,JP,2021-01-11 12:57:31,35.1333,140.3,41.0,52,75,5.75
247,Worthing,GB,2021-01-11 12:56:56,50.8145,-0.3713,50.0,87,40,10.36
248,Mount Isa,AU,2021-01-11 12:57:35,-20.7333,139.5,84.2,54,40,4.61
249,Qasigiannguit,GL,2021-01-11 12:58:00,68.8193,-51.1922,32.0,86,75,10.36
250,Vao,NC,2021-01-11 12:59:56,-22.6667,167.4833,78.33,86,100,19.53
251,Kaitangata,NZ,2021-01-11 12:57:46,-46.2817,169.8464,47.43,90,7,2.46
252,Eyl,SO,2021-01-11 12:59:01,7.9803,49.8164,78.44,52,97,26.78
253,Cuiluan,CN,2021-01-11 12:59:56,47.72,128.648,-0.87,90,100,2.86
254,Carnarvon,AU,2021-01-11 12:57:32,-24.8667,113.6333,80.6,83,0,21.85
255,Bengkulu,ID,2021-01-11 12:57:39,-3.8004,102.2655,78.66,86,100,5.57
256,Iaciara,BR,2021-01-11 12:59:56,-14.0958,-46.6317,78.28,81,100,2.57
257,Juneau,US,2021-01-11 12:55:59,58.3019,-134.4197,39.2,93,90,11.5
258,Homer,US,2021-01-11 12:59:56,59.6425,-151.5483,37.0,93,90,6.91
259,Rizhao,CN,2021-01-11 12:59:56,35.4275,119.4553,28.67,77,0,11.01
260,Sao Felix Do Xingu,BR,2021-01-11 12:59:56,-6.6447,-51.995,79.05,81,71,2.82
261,Kampot,KH,2021-01-11 12:59:56,10.6167,104.1833,78.8,78,0,1.14
262,Mahebourg,MU,2021-01-11 12:54:02,-20.4081,57.7,84.2,84,75,16.11
263,Ostrovnoy,RU,2021-01-11 12:57:59,68.0531,39.5131,4.03,92,1,18.03
264,Salamiyah,SY,2021-01-11 12:59:56,35.0113,37.0532,66.36,28,0,3.67
265,Kijang,KR,2021-01-11 12:58:30,35.2442,129.2139,33.8,47,0,1.14
266,Evensk,RU,2021-01-11 12:59:57,61.95,159.2333,7.02,91,100,15.12
267,Goundam,ML,2021-01-11 12:59:57,16.4145,-3.6708,87.66,14,11,14.63
268,Kampong Cham,KH,2021-01-11 12:59:57,11.9934,105.4635,79.81,51,73,9.98
269,Riosucio,CO,2021-01-11 12:57:45,5.4216,-75.7032,60.71,93,86,2.06
270,Klaksvik,FO,2021-01-11 12:57:58,62.2266,-6.589,33.8,86,75,29.93
271,Luhyny,UA,2021-01-11 12:59:57,51.082,28.4006,30.06,94,99,5.79
272,Puerto Escondido,MX,2021-01-11 12:53:21,15.85,-97.0667,73.47,61,94,4.72
273,Mackay,AU,2021-01-11 12:58:06,-21.15,149.2,77.0,94,75,12.66
274,Inhambane,MZ,2021-01-11 12:57:29,-23.865,35.3833,78.8,94,75,3.44
275,Esperance,AU,2021-01-11 12:57:29,-33.8667,121.9,59.0,63,0,13.8
276,Araouane,ML,2021-01-11 12:54:29,18.9048,-3.5265,77.16,17,14,17.65
277,Bilibino,RU,2021-01-11 12:59:57,68.0546,166.4372,-28.41,81,1,1.57
278,Yaan,NG,2021-01-11 12:59:57,7.3833,8.5667,99.1,16,0,5.99
279,Pisco,PE,2021-01-11 12:57:50,-13.7,-76.2167,68.0,83,75,2.3
280,Avera,US,2021-01-11 12:58:01,33.194,-82.5271,39.2,93,90,4.61
281,Namatanai,PG,2021-01-11 12:57:49,-3.6667,152.4333,81.0,77,98,3.91
282,Karagay,RU,2021-01-11 12:59:57,58.2667,54.9368,-6.52,88,100,11.99
283,Bonavista,CA,2021-01-11 12:57:43,48.6499,-53.1147,28.99,100,99,4.61
284,Llorente,PH,2021-01-11 12:59:58,11.4119,125.5458,79.03,87,97,15.66
285,Luba,GQ,2021-01-11 12:59:58,3.4568,8.5547,87.8,70,20,13.8
286,Lagoa,PT,2021-01-11 12:57:45,39.05,-27.9833,61.61,92,100,12.93
287,Soubre,CI,2021-01-11 12:59:58,5.7856,-6.6083,89.35,53,80,3.15
288,Jiangyou,CN,2021-01-11 12:59:58,31.7667,104.7167,37.31,61,0,3.02
289,Rudnogorsk,RU,2021-01-11 12:59:58,57.2639,103.7519,-11.42,91,100,3.11
290,Mayumba,GA,2021-01-11 12:59:58,-3.432,10.6554,80.29,83,99,11.39
291,Gafanha Da Encarnacao,PT,2021-01-11 12:59:58,40.6181,-8.733,51.01,50,0,2.3
292,Vir,HR,2021-01-11 12:59:58,44.3031,15.0853,44.6,45,75,10.36
293,Santo Antonio Do Ica,BR,2021-01-11 12:59:58,-3.1022,-67.9397,80.2,78,59,2.24
294,Bambous Virieux,MU,2021-01-11 12:57:38,-20.3428,57.7575,84.2,84,75,16.11
295,Vanavara,RU,2021-01-11 12:57:59,60.34,102.2797,-29.47,84,65,4.14
296,Tilichiki,RU,2021-01-11 12:59:58,60.4667,166.1,-11.25,87,99,12.03
297,Nata,PA,2021-01-11 12:59:58,8.3333,-80.5167,75.2,94,40,8.1
298,Medina Del Campo,ES,2021-01-11 12:59:58,41.3124,-4.9141,36.0,69,40,24.16
299,Shimoda,JP,2021-01-11 12:57:30,34.6667,138.95,35.01,58,100,1.01
300,Rumoi,JP,2021-01-11 12:59:59,43.9344,141.6428,20.7,92,99,9.84
301,Raudeberg,NO,2021-01-11 12:57:33,61.9875,5.1352,30.0,91,64,6.4
302,Byron Bay,AU,2021-01-11 12:56:07,-28.65,153.6167,73.4,68,90,5.75
303,Bosaso,SO,2021-01-11 12:59:02,11.2842,49.1816,75.61,56,0,19.13
304,Sibolga,ID,2021-01-11 12:59:59,1.7427,98.7792,76.75,81,100,3.76
305,Oktyabrskiy,RU,2021-01-11 12:59:59,54.4815,53.471,-4.0,91,96,2.62
306,Martapura,ID,2021-01-11 12:59:59,-3.4167,114.85,80.6,89,90,3.44
307,Talnakh,RU,2021-01-11 12:58:05,69.4865,88.3972,-17.52,87,100,9.98
308,Soeng Sang,TH,2021-01-11 12:59:59,14.4264,102.4606,66.04,53,14,16.71
309,Slobozia-Mandra,RO,2021-01-11 12:59:59,43.9167,24.7,37.0,100,90,4.61
310,Praia,CV,2021-01-11 12:57:47,14.9215,-23.5087,75.2,53,75,21.85
311,Thana,PK,2021-01-11 12:59:59,34.6369,72.0739,52.16,35,0,2.86
312,Abaete,BR,2021-01-11 12:59:59,-19.16,-45.4458,76.08,81,100,2.91
313,Mehamn,NO,2021-01-11 12:59:59,71.0357,27.8492,17.6,67,0,26.46
314,Cabedelo,BR,2021-01-11 12:59:59,-6.9811,-34.8339,78.8,83,75,8.05
315,Darnah,LY,2021-01-11 13:00:00,32.767,22.6367,75.9,38,0,16.55
316,Onega,RU,2021-01-11 13:00:00,63.9061,38.1404,-6.86,89,0,10.07
317,Clyde River,CA,2021-01-11 12:57:54,70.4692,-68.5914,3.2,92,90,16.11
318,Narsaq,GL,2021-01-11 12:57:56,60.9167,-46.05,41.0,42,75,17.27
319,Gat,IL,2021-01-11 12:55:00,31.61,34.7642,79.0,36,28,5.01
320,Mabay,PH,2021-01-11 13:00:00,6.0577,124.4666,78.15,82,80,3.0
321,Ust-Kuyga,RU,2021-01-11 13:00:00,70.0167,135.6,-35.18,79,70,7.38
322,Takaungu,KE,2021-01-11 13:00:00,-3.6837,39.8566,82.81,70,18,17.27
323,Sawakin,SD,2021-01-11 13:00:00,19.1059,37.3321,79.65,60,19,12.84
324,Hervey Bay,AU,2021-01-11 12:58:26,-25.2986,152.8535,73.99,76,0,4.0
325,Jinka,ET,2021-01-11 13:00:01,5.65,36.65,79.95,38,48,0.58
326,Cahors,FR,2021-01-11 13:00:03,44.4167,1.3333,37.0,93,90,8.05
327,Luderitz,NA,2021-01-11 12:57:32,-26.6481,15.1594,72.43,59,0,21.3
328,Aden,YE,2021-01-11 12:57:34,12.7794,45.0367,75.81,69,29,16.64
329,Kalabo,ZM,2021-01-11 13:00:13,-14.97,22.6814,82.0,60,67,7.36
330,Nipawin,CA,2021-01-11 13:00:13,53.3668,-104.0009,12.2,92,40,14.97
331,Havoysund,NO,2021-01-11 12:58:00,70.9963,24.6622,17.6,79,75,23.02
332,Bardiyah,LY,2021-01-11 13:00:22,31.7561,25.0865,74.43,41,0,8.12
333,Champerico,GT,2021-01-11 12:58:04,14.3,-91.9167,68.0,88,0,7.65
334,Upington,ZA,2021-01-11 13:00:32,-28.4478,21.2561,91.4,38,40,6.91
335,Whitehorse,CA,2021-01-11 13:00:33,60.7161,-135.0538,32.0,80,75,16.11
336,Portree,GB,2021-01-11 13:00:33,57.4129,-6.1942,39.0,93,100,8.01
337,Beringovskiy,RU,2021-01-11 12:57:45,63.05,179.3167,-22.07,81,54,13.2
338,Kez,RU,2021-01-11 13:00:34,57.8979,53.7152,-6.39,89,100,12.46
339,Saint-Joseph,RE,2021-01-11 12:57:42,-21.3667,55.6167,84.2,79,20,16.11
340,Sept-Iles,CA,2021-01-11 12:59:02,50.2001,-66.3821,14.0,79,0,2.3
341,Sorland,NO,2021-01-11 13:00:34,67.667,12.6934,28.4,64,20,13.8
342,Kikwit,CD,2021-01-11 13:00:44,-5.041,18.8162,86.25,58,100,2.82
343,Lubango,AO,2021-01-11 13:00:48,-14.9172,13.4925,78.8,45,20,6.91
344,Praya,CV,2021-01-11 12:57:28,14.9215,-23.5087,75.2,53,75,21.85
345,Pinega,RU,2021-01-11 13:00:50,64.7001,43.3936,-10.84,87,0,4.56
346,East London,ZA,2021-01-11 12:57:38,-33.0153,27.9116,75.2,78,40,13.8
347,Perth,AU,2021-01-11 12:53:03,-31.9333,115.8333,73.4,60,0,11.5
348,Laje,BR,2021-01-11 13:00:51,-10.1833,-40.9667,82.18,61,44,5.61
349,Mandera,KE,2021-01-11 13:00:52,3.9366,41.867,94.35,21,0,12.93
350,Basoko,CD,2021-01-11 13:00:52,1.2391,23.616,90.34,39,50,2.93
351,Flin Flon,CA,2021-01-11 12:58:38,54.7682,-101.865,10.4,85,1,6.91
352,Honiara,SB,2021-01-11 12:56:36,-9.4333,159.95,79.16,83,100,3.85
353,Aksu,CN,2021-01-11 12:57:57,41.1231,80.2644,13.46,75,0,1.41
354,Hambantota,LK,2021-01-11 12:57:50,6.1241,81.1185,80.6,94,75,5.75
355,Bathsheba,BB,2021-01-11 12:57:36,13.2167,-59.5167,77.0,73,75,24.16
356,Beloha,MG,2021-01-11 12:57:44,-25.1667,45.05,92.53,37,0,18.48
357,Fort Nelson,CA,2021-01-11 12:57:56,58.8053,-122.7002,8.6,85,40,3.4
358,Nome,US,2021-01-11 12:58:05,64.5011,-165.4064,17.6,62,40,13.8
359,Ahipara,NZ,2021-01-11 12:58:03,-35.1667,173.1667,59.5,85,93,5.68
360,Warri,NG,2021-01-11 13:00:53,5.5167,5.75,91.06,53,52,2.73
361,Arak,IR,2021-01-11 13:00:53,34.0917,49.6892,42.67,52,0,1.01
362,Preobrazheniye,RU,2021-01-11 12:58:07,42.9019,133.9064,15.55,78,100,4.83
363,Batagay-Alyta,RU,2021-01-11 13:00:53,67.8006,130.4114,-36.44,80,24,2.24
364,Mokhsogollokh,RU,2021-01-11 13:00:53,61.4681,128.9203,-38.65,82,95,1.88
365,Okhotsk,RU,2021-01-11 12:57:32,59.3833,143.3,-14.26,77,100,8.93
366,Haines Junction,CA,2021-01-11 13:00:54,60.7522,-137.5108,21.2,93,100,1.14
367,Aquiraz,BR,2021-01-11 13:00:54,-3.9014,-38.3911,84.2,65,75,12.66
368,Souillac,MU,2021-01-11 12:57:31,-20.5167,57.5167,84.2,84,75,16.11
369,Yongan,CN,2021-01-11 13:00:54,39.6957,113.6871,11.61,77,14,11.81
370,Acapulco,MX,2021-01-11 12:53:08,16.8634,-99.8901,73.4,83,75,4.61
371,Belaya Gora,RU,2021-01-11 13:00:54,68.5333,146.4167,-35.21,83,99,1.14
372,Ndjole,GA,2021-01-11 13:00:55,-0.1783,10.7649,85.42,69,86,3.18
373,Dalvik,IS,2021-01-11 13:00:55,65.9702,-18.5286,24.8,80,90,6.91
374,Salacgriva,LV,2021-01-11 13:00:55,57.7536,24.3581,28.99,95,99,3.0
375,Padang,ID,2021-01-11 13:00:56,-0.9492,100.3543,77.25,87,100,5.5
376,Prainha,BR,2021-01-11 13:00:56,-1.8,-53.48,84.65,61,69,3.8
377,Ilulissat,GL,2021-01-11 12:57:34,69.2167,-51.1,32.0,86,75,10.36
378,Road Town,VG,2021-01-11 13:00:07,18.4167,-64.6167,80.01,78,40,8.05
379,Hofn,IS,2021-01-11 12:57:21,64.2539,-15.2082,26.6,63,0,9.22
380,Richards Bay,ZA,2021-01-11 12:58:21,-28.783,32.0377,81.88,67,1,9.82
381,Tucurui,BR,2021-01-11 13:00:56,-3.7661,-49.6725,80.6,83,69,4.56
382,Ayan,RU,2021-01-11 13:00:57,56.45,138.1667,-22.68,72,0,10.04
383,Gizo,SB,2021-01-11 13:00:57,-8.103,156.8419,80.37,78,100,3.2
384,Cartagena Del Chaira,CO,2021-01-11 12:58:21,1.3349,-74.8429,71.62,96,100,5.59
385,Komsomolskiy,UZ,2021-01-11 12:57:31,40.4272,71.7189,35.6,51,0,2.3
386,Nioro,GM,2021-01-11 12:57:22,13.35,-15.75,88.97,15,0,13.29
387,Ughelli,NG,2021-01-11 13:00:57,5.4899,6.0074,93.97,47,44,2.42
388,Carauari,BR,2021-01-11 13:00:57,-4.8828,-66.8958,75.56,92,100,1.99
389,Kieta,PG,2021-01-11 13:00:57,-6.2167,155.6333,80.74,75,78,1.21
390,Ugoofaaru,MV,2021-01-11 13:00:57,5.6667,73.0,82.17,71,100,5.06
391,Taylor,US,2021-01-11 13:00:58,32.3001,-99.8337,33.8,80,90,8.05
392,Laplace,US,2021-01-11 13:00:58,30.0666,-90.4801,41.0,93,90,3.44
393,Edmundston,CA,2021-01-11 13:00:58,47.3737,-68.3251,12.2,85,1,10.36
394,Ampere,BR,2021-01-11 13:00:58,-25.915,-53.4728,83.48,66,0,5.46
395,Grenville,GD,2021-01-11 13:00:58,12.1167,-61.6167,80.6,74,20,11.5
396,Laukaa,RU,2021-01-11 13:00:58,58.7372,29.8453,13.8,96,100,7.05
397,Naze,JP,2021-01-11 13:00:58,28.3667,129.4833,53.17,91,100,11.25
398,Sinnamary,GF,2021-01-11 13:00:59,5.3833,-52.95,79.48,84,1,14.2
399,Itoman,JP,2021-01-11 12:58:01,26.1247,127.6694,62.6,72,75,9.22
400,Vytegra,RU,2021-01-11 13:01:00,61.0064,36.4481,-4.23,91,51,8.81
401,Poya,NC,2021-01-11 13:01:00,-21.35,165.15,79.83,84,100,3.27
402,Saldanha,ZA,2021-01-11 12:57:33,-33.0117,17.9442,87.8,29,0,13.8
403,Derzhavinsk,KZ,2021-01-11 12:57:37,51.1,66.3167,17.69,95,100,8.1
404,Kahului,US,2021-01-11 12:57:51,20.8947,-156.47,70.0,72,1,7.99
405,Mabaruma,GY,2021-01-11 13:01:00,8.2,-59.7833,78.57,84,6,7.31
406,Snezhnogorsk,RU,2021-01-11 13:01:01,69.1933,33.2531,-13.0,84,20,14.07
407,Dolni Bousov,CZ,2021-01-11 13:01:01,50.4383,15.1281,28.0,94,45,5.08
408,Sydney Mines,CA,2021-01-11 13:01:01,46.2367,-60.2177,28.0,80,75,8.05
409,Puerto Lopez,CO,2021-01-11 13:01:02,4.0845,-72.956,73.8,86,100,6.46
410,Marawi,PH,2021-01-11 12:58:00,7.9986,124.2928,77.0,90,97,5.01
411,Mount Gambier,AU,2021-01-11 12:55:45,-37.8333,140.7667,62.6,82,90,16.11
412,Tiksi,RU,2021-01-11 12:57:33,71.6872,128.8694,-29.06,83,100,9.8
413,Iquitos,PE,2021-01-11 12:59:25,-3.7481,-73.2472,75.2,94,75,2.3
414,Bayangol,RU,2021-01-11 13:01:02,50.6977,103.4656,-0.74,87,100,2.62
415,Wagar,SD,2021-01-11 13:01:02,16.1525,36.2032,90.54,18,0,5.97
416,Zatoka,UA,2021-01-11 13:01:02,46.0725,30.4654,35.6,87,20,8.95
417,Weligama,LK,2021-01-11 12:57:13,5.9667,80.4167,78.46,83,100,2.51
418,Saint-Pierre,RE,2021-01-11 12:57:34,-21.3393,55.4781,84.2,79,20,16.11
419,Grand Gaube,MU,2021-01-11 12:57:49,-20.0064,57.6608,80.01,91,50,5.01
420,Guerrero Negro,MX,2021-01-11 12:57:36,27.9769,-114.0611,51.51,51,0,2.08
421,Carutapera,BR,2021-01-11 13:01:03,-1.195,-46.02,85.86,62,57,8.32
422,Hrodna,BY,2021-01-11 13:01:03,53.6884,23.8258,30.2,80,75,6.71
423,Stromness,GB,2021-01-11 13:01:04,58.965,-3.296,37.4,81,40,10.36
424,Bukama,CD,2021-01-11 12:56:06,-9.2,25.85,78.57,86,23,2.84
425,Piacabucu,BR,2021-01-11 13:01:04,-10.4056,-36.4344,86.31,57,100,11.7
426,Oistins,BB,2021-01-11 13:01:04,13.0667,-59.5333,77.0,73,75,24.16
427,Lagos,NG,2021-01-11 12:53:29,6.5833,3.75,90.54,54,89,3.8
428,Teuchitlan,MX,2021-01-11 13:01:05,20.6833,-103.8667,48.99,80,0,1.95
429,Puerto Madero,MX,2021-01-11 13:01:05,14.7208,-92.4215,68.0,100,1,7.05
430,Marion,US,2021-01-11 12:56:38,39.7684,-86.1555,25.0,74,90,6.91
431,Malanje,AO,2021-01-11 13:01:05,-9.5402,16.341,78.8,83,75,9.22
432,San Policarpo,PH,2021-01-11 13:01:05,12.1791,125.5072,79.88,85,100,19.22
433,Kulhudhuffushi,MV,2021-01-11 13:01:05,6.6221,73.07,81.1,73,100,2.42
434,Lethem,GY,2021-01-11 13:01:06,3.3803,-59.7968,79.63,69,57,11.61
435,Benguela,AO,2021-01-11 13:01:06,-12.5763,13.4055,81.68,58,2,11.72
436,Hamilton,US,2021-01-11 13:00:58,39.1834,-84.5333,30.2,74,90,4.61
437,Pangnirtung,CA,2021-01-11 12:57:51,66.1451,-65.7125,5.0,85,90,6.91
438,Simao,CN,2021-01-11 13:01:06,22.7886,100.9748,40.53,90,100,4.07
439,Jining,CN,2021-01-11 13:01:06,35.405,116.5814,27.16,72,0,5.53
440,Bayshore Gardens,US,2021-01-11 13:01:06,27.4253,-82.5904,55.0,94,1,5.75
441,Upata,VE,2021-01-11 13:01:06,8.0086,-62.3989,75.13,77,0,7.56
442,Balkanabat,TM,2021-01-11 13:01:06,39.5108,54.3671,48.22,67,0,5.37
443,Boddam,GB,2021-01-11 13:01:06,57.4667,-1.7833,39.2,93,75,10.36
444,Liberty,US,2021-01-11 13:01:06,31.8335,-81.5004,42.8,87,93,3.44
445,Ponnani,IN,2021-01-11 13:01:07,10.767,75.9252,77.0,94,75,7.36
446,Geraldton,AU,2021-01-11 12:57:34,-28.7667,114.6,73.4,73,0,19.57
447,Karlskrona,SE,2021-01-11 13:01:07,56.1616,15.5866,37.4,100,75,16.11
448,Elizabeth City,US,2021-01-11 13:01:07,36.2946,-76.2511,32.0,100,1,3.22
449,Takapau,NZ,2021-01-11 13:01:07,-40.0333,176.35,57.0,90,76,4.07
450,Hobyo,SO,2021-01-11 13:01:07,5.3505,48.5268,78.51,65,100,24.54
451,Fabriano,IT,2021-01-11 13:01:08,43.3406,12.9073,36.0,83,99,13.0
452,Victor Harbor,AU,2021-01-11 13:01:08,-35.5667,138.6167,66.0,80,37,5.01
453,Asahikawa,JP,2021-01-11 13:01:08,43.7678,142.3703,15.8,62,75,11.5
454,High Level,CA,2021-01-11 12:58:07,58.5169,-117.136,8.6,100,40,6.42
455,Valpoi,IN,2021-01-11 13:01:08,15.5305,74.1356,84.2,70,75,6.91
456,Aswan,EG,2021-01-11 13:01:08,24.0934,32.907,87.39,19,0,16.6
457,Takoradi,GH,2021-01-11 13:01:08,4.8845,-1.7554,84.18,72,100,10.85
458,Yabelo,ET,2021-01-11 13:01:08,4.8833,38.0833,75.65,31,60,8.21
459,Camacha,PT,2021-01-11 12:57:55,33.0833,-16.3333,59.0,58,75,11.5
460,Koulamoutou,GA,2021-01-11 13:01:09,-1.1303,12.4736,94.39,42,28,1.68
461,Kaeo,NZ,2021-01-11 12:58:07,-35.1,173.7833,58.95,86,69,5.64
462,Koslan,RU,2021-01-11 13:01:10,63.4564,48.8989,-9.47,86,0,5.95
463,Yumen,CN,2021-01-11 12:57:48,40.2833,97.2,21.13,65,0,26.69
464,Horsham,GB,2021-01-11 13:01:10,51.064,-0.3272,46.4,76,75,10.36
465,Brigantine,US,2021-01-11 13:01:10,39.4101,-74.3646,30.99,86,1,2.57
466,Bukachacha,RU,2021-01-11 13:01:10,52.9833,116.9167,-9.78,88,82,0.54
467,Washougal,US,2021-01-11 13:01:11,45.5826,-122.3534,45.0,76,1,19.57
468,Grenaa,DK,2021-01-11 12:56:51,56.4158,10.8783,42.8,100,75,8.05
469,Novomykolayivka,UA,2021-01-11 12:57:31,47.9781,35.9102,32.0,86,75,3.44
470,Kununurra,AU,2021-01-11 12:57:30,-15.7667,128.7333,84.2,70,76,6.91
471,Bela Vista De Goias,BR,2021-01-11 13:01:11,-16.9728,-48.9533,75.2,83,40,4.61
472,Kindu,CD,2021-01-11 13:01:11,-2.95,25.95,84.51,63,98,4.09
473,Barinitas,VE,2021-01-11 13:01:11,8.7622,-70.4111,72.91,76,100,0.78
474,Ambilobe,MG,2021-01-11 13:01:11,-13.2,49.05,81.54,81,100,4.88
475,Moranbah,AU,2021-01-11 13:01:12,-22.0016,148.0466,72.88,87,0,16.73
476,Rio Verde De Mato Grosso,BR,2021-01-11 13:01:12,-18.9181,-54.8442,82.24,62,92,2.98
477,Nioki,CD,2021-01-11 13:01:12,-2.7167,17.6833,95.16,38,49,2.19
478,Arauca,CO,2021-01-11 13:01:12,7.0847,-70.7591,74.68,90,52,6.78
479,Krasnoye,UA,2021-01-11 13:01:12,49.9145,24.6134,30.2,74,90,6.71
480,Iturama,BR,2021-01-11 13:01:12,-19.7281,-50.1956,84.36,55,96,5.14
481,Krumbach,DE,2021-01-11 13:01:12,48.2418,10.3632,26.01,67,15,1.01
482,Hualmay,PE,2021-01-11 13:01:12,-11.0964,-77.6139,70.74,81,59,7.23
483,Taga,RO,2021-01-11 13:01:13,46.95,24.05,32.0,93,90,5.75
484,Manica,FR,2021-01-11 13:01:13,49.0,-1.1667,46.4,76,90,12.66
485,Laguna,US,2021-01-11 12:56:01,38.421,-121.4238,41.0,93,1,4.61
486,Orlik,RU,2021-01-11 13:01:13,52.5178,99.825,1.4,87,100,2.44
487,Omsukchan,RU,2021-01-11 13:01:13,62.5333,155.8,-21.6,85,100,4.12
488,Phu Ly,VN,2021-01-11 13:01:13,20.5411,105.9139,53.08,41,100,6.44
489,Erenhot,CN,2021-01-11 13:01:13,43.6475,111.9767,6.82,88,100,13.71
490,La Macarena,CO,2021-01-11 13:01:14,2.1837,-73.7849,71.38,97,100,3.49
491,Qaqortoq,GL,2021-01-11 12:58:01,60.7167,-46.0333,41.0,42,75,17.27
492,Turayf,SA,2021-01-11 13:01:14,31.6725,38.6637,62.6,42,0,2.37
493,Tiebissou,CI,2021-01-11 13:01:14,7.1574,-5.2257,86.0,66,75,6.91
494,Milkovo,RU,2021-01-11 13:01:14,54.7167,158.6167,-2.42,89,100,1.07
495,Kutum,SD,2021-01-11 13:01:14,14.2,24.6667,79.54,14,0,11.9
496,Santa Cruz,BO,2021-01-11 13:01:15,-17.8,-63.1667,80.6,83,75,18.41
497,Neya,RU,2021-01-11 13:01:15,58.2972,43.8681,-0.47,93,100,5.86
498,Columbus,US,2021-01-11 13:01:15,39.9612,-82.9988,30.2,80,90,4.61
499,Lorengau,PG,2021-01-11 12:55:29,-2.0226,147.2712,82.76,73,100,5.77
500,Sydney,AU,2021-01-11 12:56:20,-33.8679,151.2073,73.4,68,0,17.27
501,Paamiut,GL,2021-01-11 12:57:57,61.994,-49.6678,31.6,99,100,7.29
502,Williams Lake,CA,2021-01-11 13:01:16,52.1415,-122.1445,41.0,69,90,23.02
503,Wanning,CN,2021-01-11 12:57:49,18.8003,110.3967,50.56,78,100,17.45
504,Medicine Hat,CA,2021-01-11 13:00:01,50.0501,-110.6683,33.01,69,1,10.36
505,Maldonado,UY,2021-01-11 13:01:16,-34.6667,-54.9167,75.99,88,90,18.41
506,Xining,CN,2021-01-11 12:57:33,36.6167,101.7667,13.8,63,0,2.46
507,Okoneshnikovo,RU,2021-01-11 13:01:16,54.8377,75.0834,-6.97,90,100,11.1
508,Leatherhead,GB,2021-01-11 13:01:16,51.2959,-0.3259,46.99,76,75,10.36
509,Mananjary,MG,2021-01-11 13:01:16,-21.2167,48.3333,83.25,65,0,10.6
510,Marienburg,PL,2021-01-11 13:01:16,54.0359,19.0266,34.0,100,95,13.98
511,Puerto Gaitan,CO,2021-01-11 13:01:16,4.3133,-72.0816,75.13,83,100,14.45
512,Adre,TD,2021-01-11 13:01:16,13.4667,22.2,86.68,11,0,12.39
513,Alice Springs,AU,2021-01-11 12:57:29,-23.7,133.8833,82.4,30,40,6.91
514,Warrington,GB,2021-01-11 13:01:17,53.3925,-2.5802,46.4,81,90,19.57
515,Waspan,NI,2021-01-11 13:01:17,14.7419,-83.9717,71.78,96,100,4.41
516,Yashan,CN,2021-01-11 13:01:17,22.1975,109.9419,46.81,48,99,4.88
517,Pravia,ES,2021-01-11 13:01:17,43.4906,-6.1508,53.01,66,20,2.3
518,Caravelas,BR,2021-01-11 12:56:10,-17.7125,-39.2481,85.08,61,15,9.17
519,Bangalore,IN,2021-01-11 13:00:06,12.9762,77.6033,78.01,73,90,3.44
520,Valparaiso,CL,2021-01-11 12:57:50,-33.0393,-71.6273,64.0,72,0,5.75
521,Neiafu,TO,2021-01-11 13:01:17,-18.65,-173.9833,80.6,83,75,5.75
522,Grand-Santi,GF,2021-01-11 12:57:46,4.25,-54.3833,77.92,87,34,4.7
523,Kathmandu,NP,2021-01-11 13:01:17,27.7167,85.3167,55.4,76,20,5.75
524,Serrinha,BR,2021-01-11 13:01:17,-11.6642,-39.0075,87.76,46,50,5.5
525,Coahuayana,MX,2021-01-11 13:01:18,18.7333,-103.6833,66.38,62,0,4.54
526,Kavaratti,IN,2021-01-11 12:58:03,10.5669,72.642,82.96,71,100,6.69
527,Siocon,PH,2021-01-11 13:01:18,7.7061,122.1353,78.55,83,100,7.47
528,Omboue,GA,2021-01-11 13:01:18,-1.5746,9.2618,84.38,72,43,11.16
529,Kasongo-Lunda,CD,2021-01-11 13:01:18,-6.4667,16.8167,89.31,42,57,1.88
530,Atambua,ID,2021-01-11 13:01:18,-9.1061,124.8925,77.02,87,88,2.77
531,Tual,ID,2021-01-11 13:01:18,-5.6667,132.75,84.43,77,100,5.12
532,Springfield,US,2021-01-11 12:57:36,37.2153,-93.2982,27.0,80,90,9.22
533,Oksfjord,NO,2021-01-11 13:01:18,70.2396,22.3479,24.8,68,20,19.57
534,Pringsewu,ID,2021-01-11 13:01:18,-5.3582,104.9744,76.03,92,100,2.33
535,Ninghai,CN,2021-01-11 13:01:19,29.2892,121.4247,36.0,55,0,4.47
536,San Jeronimo,PE,2021-01-11 12:57:36,-11.9472,-75.2829,52.48,63,8,2.84
537,Fairbanks,US,2021-01-11 12:57:53,64.8378,-147.7164,21.99,73,75,3.44
538,Bryan,US,2021-01-11 13:01:19,30.6744,-96.37,32.0,100,1,3.44
539,Touros,BR,2021-01-11 13:01:19,-5.1989,-35.4608,82.4,69,75,11.5
540,Roald,NO,2021-01-11 13:01:19,62.5833,6.1333,28.99,93,40,3.44
541,Port Augusta,AU,2021-01-11 13:01:19,-32.5,137.7667,69.01,83,90,18.41
542,Danilovka,RU,2021-01-11 13:01:19,50.3557,44.1168,15.66,95,94,9.48
543,Inuvik,CA,2021-01-11 13:01:20,68.3499,-133.7218,-4.0,84,90,4.21
544,Boguchany,RU,2021-01-11 13:01:20,58.3814,97.4531,-19.32,86,90,3.31
545,Sirsa,IN,2021-01-11 13:00:55,29.5333,75.0167,59.97,31,0,6.51
546,La Tuque,CA,2021-01-11 13:01:20,47.4334,-72.7824,12.2,92,43,1.14
547,Pochutla,MX,2021-01-11 13:01:21,15.7432,-96.4661,66.99,91,65,3.44
548,Douglas,US,2021-01-11 13:01:21,41.3,-96.167,30.2,86,1,3.44
549,Vestmanna,FO,2021-01-11 13:01:21,62.1564,-7.1664,33.8,86,75,29.93
550,Trairi,BR,2021-01-11 12:57:57,-3.2778,-39.2689,85.48,59,100,10.8
551,Alofi,NU,2021-01-11 13:01:21,-19.0595,-169.9187,75.2,94,75,6.91
552,Suileng,CN,2021-01-11 13:01:21,47.25,127.0833,-4.63,92,100,4.65
553,Tarnogskiy Gorodok,RU,2021-01-11 13:01:21,60.4997,43.5761,-10.86,89,3,5.73
554,West Richland,US,2021-01-11 13:00:00,46.3043,-119.3614,35.6,100,90,2.06
555,Viedma,AR,2021-01-11 13:00:43,-40.8135,-62.9967,68.68,25,0,19.28
556,Varkkallai,IN,2021-01-11 13:01:21,8.7341,76.7067,84.2,74,75,4.61
557,Port Hedland,AU,2021-01-11 12:57:37,-20.3167,118.5667,87.8,79,0,11.5
558,Isangel,VU,2021-01-11 13:01:21,-19.55,169.2667,79.65,81,100,5.82
559,Siemiatycze,PL,2021-01-11 12:59:21,52.4272,22.8623,34.0,77,5,1.01
560,Sompeta,IN,2021-01-11 13:01:22,18.9333,84.6,74.77,69,97,3.6
561,Taree,AU,2021-01-11 13:01:22,-31.9,152.4667,68.0,77,2,5.75
562,Bad Oeynhausen,DE,2021-01-11 13:01:22,52.2,8.8,36.0,87,90,17.27
563,Hays,US,2021-01-11 12:59:41,30.0502,-98.0336,35.01,93,98,10.74
564,Sao Jose Da Coroa Grande,BR,2021-01-11 12:57:47,-8.8978,-35.1478,83.53,63,82,10.27
565,Leh,IN,2021-01-11 13:01:22,34.1667,77.5833,5.72,39,0,0.67
566,Pueblo Nuevo,MX,2021-01-11 13:01:22,23.3833,-105.3833,38.82,67,0,6.64
567,Vanimo,PG,2021-01-11 13:01:23,-2.6741,141.3028,79.63,82,99,3.71
568,Ishigaki,JP,2021-01-11 12:58:02,24.3448,124.1572,61.12,87,100,33.08
569,Katobu,ID,2021-01-11 13:01:23,-4.9408,122.5276,78.33,90,3,2.3
570,Isla Mujeres,MX,2021-01-11 13:00:38,21.2311,-86.731,72.0,94,90,6.91
571,Nobres,BR,2021-01-11 13:01:23,-14.7203,-56.3275,78.42,69,75,3.13
572,La Orilla,MX,2021-01-11 13:01:23,17.9833,-102.2333,69.75,71,3,5.66
573,Epernay,FR,2021-01-11 13:00:31,49.05,3.95,36.0,87,90,4.61
574,Darhan,MN,2021-01-11 13:01:23,49.4867,105.9228,3.65,85,100,5.19
575,Dargaville,NZ,2021-01-11 12:57:38,-35.9333,173.8833,58.19,84,50,1.79
576,Buritizeiro,BR,2021-01-11 13:01:23,-17.3511,-44.9622,81.28,70,88,6.22
577,Bilma,NE,2021-01-11 12:58:04,18.6853,12.9164,86.72,12,0,9.37
