City_ID,City,Lat,Lng,Max Temp,Humidity,Cloudiness,Wind Speed,Country,Date
0,Albany,42.6001,-73.9662,33.01,68,100,3.74,US,2021-01-14 02:46:37
1,Caravelas,-17.7125,-39.2481,74.66,85,0,4.79,BR,2021-01-14 02:46:37
2,Cap Malheureux,-19.9842,57.6142,80.01,76,6,5.99,MU,2021-01-14 02:46:37
3,Torbay,47.6666,-52.7314,30.0,93,90,6.91,CA,2021-01-14 02:46:37
4,Talcahuano,-36.7167,-73.1167,57.2,72,0,13.8,CL,2021-01-14 02:41:58
5,Ushuaia,-54.8,-68.3,51.8,76,40,4.61,AR,2021-01-14 02:46:37
6,Lompoc,34.6391,-120.4579,66.2,82,1,8.14,US,2021-01-14 02:45:06
7,Fortuna,40.5982,-124.1573,55.99,100,90,1.81,US,2021-01-14 02:46:37
8,Jamestown,42.097,-79.2353,37.0,75,1,8.05,US,2021-01-14 02:46:37
9,Aykhal,66.0,111.5,-28.01,82,100,10.25,RU,2021-01-14 02:46:37
10,Amapa,1.0,-52.0,71.8,98,19,1.97,BR,2021-01-14 02:46:37
11,Rikitea,-23.1203,-134.9692,77.74,76,89,12.28,PF,2021-01-14 02:45:58
12,Qaanaaq,77.484,-69.3632,-2.6,78,0,4.52,GL,2021-01-14 02:46:37
13,Bilma,18.6853,12.9164,61.63,45,100,13.71,NE,2021-01-14 02:42:30
14,Busselton,-33.65,115.3333,71.01,43,100,5.99,AU,2021-01-14 02:46:37
15,Sendafa,9.15,39.0333,53.6,58,20,0.27,ET,2021-01-14 02:46:37
16,Kavieng,-2.5744,150.7967,85.44,68,68,13.44,PG,2021-01-14 02:46:37
17,Barranca,-10.75,-77.7667,69.6,87,100,3.76,PE,2021-01-14 02:46:38
18,Jalu,29.0331,21.5482,53.94,61,62,17.2,LY,2021-01-14 02:46:38
19,Tochtepec,18.8333,-97.8167,55.02,76,18,6.76,MX,2021-01-14 02:46:38
20,Miri,4.4148,114.0089,78.8,94,40,4.61,MY,2021-01-14 02:46:38
21,Tuktoyaktuk,69.4541,-133.0374,-13.0,84,75,4.61,CA,2021-01-14 02:46:38
22,Avarua,-21.2078,-159.775,84.2,70,75,19.57,CK,2021-01-14 02:44:24
23,Hohhot,40.8106,111.6522,23.0,46,98,4.47,CN,2021-01-14 02:46:38
24,Georgetown,5.4112,100.3354,81.0,78,20,1.14,MY,2021-01-14 02:42:03
25,Hobart,-42.8794,147.3294,73.99,37,40,16.11,AU,2021-01-14 02:46:01
26,Ugoofaaru,5.6667,73.0,80.1,75,97,2.55,MV,2021-01-14 02:46:38
27,Bluff,-46.6,168.3333,61.88,78,13,5.59,NZ,2021-01-14 02:46:38
28,Arraial Do Cabo,-22.9661,-42.0278,75.61,89,20,18.63,BR,2021-01-14 02:46:38
29,San Cristobal,7.7669,-72.225,62.62,85,96,1.72,VE,2021-01-14 02:46:38
30,Atuona,-9.8,-139.0333,77.85,77,13,13.51,PF,2021-01-14 02:46:38
31,Tezu,27.9167,96.1667,69.24,37,0,2.62,IN,2021-01-14 02:46:38
32,Faya,18.3851,42.4509,46.4,93,0,2.89,SA,2021-01-14 02:46:38
33,Alofi,-19.0595,-169.9187,86.0,70,75,11.5,NU,2021-01-14 02:46:38
34,Ternovka,51.678,41.6375,35.02,99,100,17.47,RU,2021-01-14 02:46:38
35,East London,-33.0153,27.9116,73.09,91,100,14.9,ZA,2021-01-14 02:46:38
36,Lebu,-37.6167,-73.65,54.55,87,0,16.62,CL,2021-01-14 02:46:39
37,Aksarka,66.5606,67.7975,-2.87,87,100,12.97,RU,2021-01-14 02:46:39
38,Machacamarca,-18.1667,-67.0333,52.59,65,100,11.41,BO,2021-01-14 02:46:39
39,Thompson,55.7435,-97.8558,26.6,100,90,3.44,CA,2021-01-14 02:44:47
40,Motygino,58.1831,94.7592,-12.93,87,100,11.27,RU,2021-01-14 02:46:39
41,Lundamo,63.1333,10.3,18.0,78,0,10.36,NO,2021-01-14 02:46:39
42,Matara,5.9485,80.5353,77.11,83,100,7.54,LK,2021-01-14 02:46:39
43,Berdigestyakh,62.0989,126.6992,-39.46,80,77,3.42,RU,2021-01-14 02:46:39
44,Queanbeyan,-35.35,149.2333,90.0,19,0,21.85,AU,2021-01-14 02:46:39
45,Morrisburg,44.9001,-75.1826,34.0,75,90,9.22,CA,2021-01-14 02:46:39
46,Kapaa,22.0752,-159.319,77.0,78,20,19.57,US,2021-01-14 02:42:26
47,Ajdabiya,30.7554,20.2263,61.23,69,47,23.87,LY,2021-01-14 02:45:39
48,Sao Joao Da Barra,-21.6403,-41.0511,76.01,88,0,14.5,BR,2021-01-14 02:46:39
49,Norman Wells,65.282,-126.8329,3.2,85,90,11.5,CA,2021-01-14 02:46:16
50,Codrington,-38.2667,141.9667,63.43,73,83,19.73,AU,2021-01-14 02:46:39
51,Puerto Ayora,-0.7393,-90.3518,75.99,93,97,7.0,EC,2021-01-14 02:46:40
52,Butaritari,3.0707,172.7902,81.66,78,74,17.98,KI,2021-01-14 02:46:40
53,Sur,22.5667,59.5289,63.14,57,0,2.37,OM,2021-01-14 02:46:40
54,Bethel,41.3712,-73.414,33.01,80,1,4.61,US,2021-01-14 02:42:27
55,Molina,-35.1167,-71.2833,69.8,37,0,5.75,CL,2021-01-14 02:46:40
56,Broome,42.2506,-75.833,30.2,80,1,6.91,US,2021-01-14 02:46:40
57,Chadiza,-14.0678,32.4392,65.43,99,100,1.88,ZM,2021-01-14 02:46:40
58,Posse,-14.0931,-46.3694,69.01,89,38,5.1,BR,2021-01-14 02:46:40
59,Fomboni,-12.28,43.7425,82.47,72,88,7.09,KM,2021-01-14 02:46:40
60,Paamiut,61.994,-49.6678,22.39,94,100,6.13,GL,2021-01-14 02:44:40
61,Poum,-20.2333,164.0167,81.9,81,100,15.14,NC,2021-01-14 02:46:40
62,Tuatapere,-46.1333,167.6833,64.2,73,43,8.52,NZ,2021-01-14 02:46:40
63,Mayumba,-3.432,10.6554,73.74,91,96,4.25,GA,2021-01-14 02:46:40
64,Nikolskoye,59.7035,30.7861,6.8,78,40,8.95,RU,2021-01-14 02:46:40
65,Misratah,32.3754,15.0925,58.23,70,39,19.42,LY,2021-01-14 02:46:40
66,Bredasdorp,-34.5322,20.0403,68.0,88,100,12.66,ZA,2021-01-14 02:46:40
67,Genhe,50.7833,121.5167,-14.58,82,68,2.77,CN,2021-01-14 02:46:40
68,Vao,-22.6667,167.4833,76.3,88,100,16.62,NC,2021-01-14 02:46:41
69,Port Lincoln,-34.7333,135.8667,65.07,53,26,14.61,AU,2021-01-14 02:46:41
70,La Ronge,55.1001,-105.2842,28.4,93,100,10.36,CA,2021-01-14 02:46:41
71,Mocuba,-16.8392,36.9856,74.48,95,100,3.29,MZ,2021-01-14 02:46:41
72,Kolyvan,55.3053,82.7391,-11.2,77,90,6.71,RU,2021-01-14 02:46:41
73,Rawlins,41.7911,-107.2387,37.4,65,40,35.68,US,2021-01-14 02:46:41
74,Monrovia,6.3005,-10.7969,78.08,83,44,2.95,LR,2021-01-14 02:45:51
75,Lorengau,-2.0226,147.2712,86.0,65,94,9.28,PG,2021-01-14 02:46:41
76,Pevek,69.7008,170.3133,-17.48,89,100,1.83,RU,2021-01-14 02:46:41
77,Saint-Philippe,-21.3585,55.7679,80.6,83,90,2.3,RE,2021-01-14 02:46:41
78,Merauke,-8.4667,140.3333,86.31,71,97,9.8,ID,2021-01-14 02:46:41
79,Mustasaari,63.1142,21.6822,10.99,78,75,4.61,FI,2021-01-14 02:46:41
80,Mangai,-4.05,19.5333,69.64,98,100,3.74,CD,2021-01-14 02:46:41
81,Springbok,-29.6643,17.8865,72.05,48,0,1.77,ZA,2021-01-14 02:46:41
82,Shagonar,51.5333,92.8,1.22,84,95,0.83,RU,2021-01-14 02:46:41
83,Saint George,37.1041,-113.5841,48.0,21,1,0.09,US,2021-01-14 02:44:07
84,Cochabamba,-17.3895,-66.1568,60.8,82,75,1.41,BO,2021-01-14 02:46:42
85,Cape Town,-33.9258,18.4232,71.01,78,0,11.5,ZA,2021-01-14 02:44:39
86,Belmopan,17.25,-88.7667,71.01,71,30,2.35,BZ,2021-01-14 02:46:42
87,Barrow,71.2906,-156.7887,-9.4,77,1,17.27,US,2021-01-14 02:46:42
88,Yellowknife,62.456,-114.3525,12.2,92,75,9.22,CA,2021-01-14 02:46:42
89,Mackenzie,55.2999,-123.1698,26.6,74,20,4.61,CA,2021-01-14 02:45:05
90,Ponta Delgada,37.7333,-25.6667,61.0,94,75,12.66,PT,2021-01-14 02:46:42
91,Puerto Colombia,10.9878,-74.9547,78.8,83,20,10.36,CO,2021-01-14 02:46:42
92,Hermanus,-34.4187,19.2345,70.0,85,82,5.01,ZA,2021-01-14 02:46:42
93,Namibe,-15.1961,12.1522,71.85,69,100,3.02,AO,2021-01-14 02:46:42
94,Phuket,8.0,98.25,82.99,65,20,11.5,TH,2021-01-14 02:43:20
95,Marawi,7.9986,124.2928,77.99,81,99,2.89,PH,2021-01-14 02:46:42
96,Pak Phanang,8.3511,100.202,78.8,89,40,3.44,TH,2021-01-14 02:46:42
97,Naryan-Mar,67.6713,53.087,-9.89,85,94,12.19,RU,2021-01-14 02:44:34
98,Sao Desiderio,-12.3633,-44.9733,70.27,83,10,2.8,BR,2021-01-14 02:46:42
99,Burnie,-41.0667,145.9167,70.0,50,58,5.99,AU,2021-01-14 02:45:07
100,Talara,-4.5772,-81.2719,72.25,83,53,15.26,PE,2021-01-14 02:46:42
101,Boke,10.9409,-14.2967,68.14,89,86,0.63,GN,2021-01-14 02:46:43
102,Manado,1.487,124.8455,89.6,66,40,4.61,ID,2021-01-14 02:46:43
103,Sistranda,63.7256,8.834,19.4,79,20,14.97,NO,2021-01-14 02:46:43
104,Iquique,-20.2208,-70.1431,71.6,60,90,9.22,CL,2021-01-14 02:42:04
105,Mahebourg,-20.4081,57.7,77.0,88,75,6.91,MU,2021-01-14 02:46:43
106,Busia,0.4544,34.0758,65.52,65,3,4.85,UG,2021-01-14 02:46:43
107,Aswan,24.0934,32.907,60.48,44,1,11.68,EG,2021-01-14 02:46:43
108,Clyde River,70.4692,-68.5914,-4.0,84,90,9.22,CA,2021-01-14 02:46:43
109,Melendugno,40.2747,18.3368,44.01,81,20,11.5,IT,2021-01-14 02:46:43
110,Vestmanna,62.1564,-7.1664,39.2,81,40,24.16,FO,2021-01-14 02:46:43
111,Haines Junction,60.7522,-137.5108,5.0,85,33,1.14,CA,2021-01-14 02:46:43
112,Zalantun,48.0,122.7167,-2.99,79,0,4.59,CN,2021-01-14 02:46:43
113,Mataura,-46.1927,168.8643,77.0,47,4,5.91,NZ,2021-01-14 02:46:43
114,Saskylakh,71.9167,114.0833,-45.96,75,64,9.26,RU,2021-01-14 02:44:14
115,Longyearbyen,78.2186,15.6401,17.6,86,75,8.05,SJ,2021-01-14 02:45:09
116,Talnakh,69.4865,88.3972,-27.47,77,1,7.92,RU,2021-01-14 02:46:43
117,Hualmay,-11.0964,-77.6139,70.48,86,97,6.67,PE,2021-01-14 02:46:43
118,Carnarvon,-24.8667,113.6333,84.2,74,50,14.97,AU,2021-01-14 02:46:44
119,Constitucion,-35.3333,-72.4167,53.17,76,0,10.47,CL,2021-01-14 02:46:44
120,Wilmington,34.2257,-77.9447,46.4,87,40,3.44,US,2021-01-14 02:46:11
121,Venado Tuerto,-33.7456,-61.9688,70.0,48,0,10.0,AR,2021-01-14 02:46:44
122,Gunjur,13.2019,-16.7339,69.8,60,0,11.5,GM,2021-01-14 02:46:44
123,Zhigansk,66.7697,123.3711,-41.13,79,75,11.23,RU,2021-01-14 02:45:39
124,Sitka,57.0531,-135.33,37.4,87,90,8.05,US,2021-01-14 02:46:44
125,Punta Arenas,-53.15,-70.9167,53.6,71,90,11.5,CL,2021-01-14 02:42:06
126,Kysyl-Syr,63.8986,122.7617,-34.91,82,98,7.85,RU,2021-01-14 02:41:45
127,Hilo,19.7297,-155.09,80.6,61,20,3.44,US,2021-01-14 02:42:05
128,Victoria,22.2855,114.1577,64.0,39,2,7.14,HK,2021-01-14 02:43:20
129,Mahanoro,-19.9,48.8,77.41,86,16,5.73,MG,2021-01-14 02:46:44
130,Cidreira,-30.1811,-50.2056,70.54,72,29,14.88,BR,2021-01-14 02:46:44
131,Vaini,-21.2,-175.2,86.0,79,40,8.05,TO,2021-01-14 02:46:44
132,Kenitra,34.261,-6.5802,42.8,93,0,3.42,MA,2021-01-14 02:46:44
133,Provideniya,64.3833,-173.3,5.0,72,75,6.71,RU,2021-01-14 02:46:44
134,Faanui,-16.4833,-151.75,81.63,74,79,16.08,PF,2021-01-14 02:46:44
135,Havre-Saint-Pierre,50.2334,-63.5986,19.4,86,90,3.44,CA,2021-01-14 02:46:45
136,Salihorsk,52.7876,27.5415,18.66,98,98,7.2,BY,2021-01-14 02:46:45
137,Salinas,36.6777,-121.6555,62.6,59,1,6.91,US,2021-01-14 02:43:00
138,Catamarca,-28.4696,-65.7852,64.0,89,23,7.87,AR,2021-01-14 02:46:45
139,Pachperwa,27.5167,82.65,55.35,67,0,1.45,IN,2021-01-14 02:46:45
140,Starotimoshkino,53.7191,47.5312,9.95,95,100,16.8,RU,2021-01-14 02:46:45
141,Kroya,-7.6331,109.2461,80.78,78,100,3.31,ID,2021-01-14 02:44:59
142,Ribeira Grande,38.5167,-28.7,63.23,83,68,19.62,PT,2021-01-14 02:46:45
143,Trinidad,-14.8333,-64.9,75.49,93,100,1.99,BO,2021-01-14 02:46:45
144,Chino,34.0122,-117.6889,64.4,17,1,4.61,US,2021-01-14 02:46:45
145,Los Llanos De Aridane,28.6585,-17.9182,64.4,55,90,8.05,ES,2021-01-14 02:46:45
146,Grindavik,63.8424,-22.4338,39.2,87,40,13.8,IS,2021-01-14 02:46:45
147,Maneadero,31.7167,-116.5667,55.99,77,0,1.1,MX,2021-01-14 02:46:45
148,Bayji,34.9311,43.487,55.02,44,100,12.41,IQ,2021-01-14 02:46:45
149,Scarborough,54.2797,-0.4044,33.01,93,100,6.8,GB,2021-01-14 02:45:50
150,Douentza,14.9951,-2.9517,65.73,23,29,4.27,ML,2021-01-14 02:46:45
151,Dolores,-36.3132,-57.6792,58.96,65,1,7.27,AR,2021-01-14 02:46:45
152,Morant Bay,17.8815,-76.4093,80.6,61,20,3.44,JM,2021-01-14 02:46:45
153,Kalat,29.0225,66.5916,38.64,36,71,0.98,PK,2021-01-14 02:46:46
154,Baltiysk,54.6538,19.911,30.2,93,90,8.95,RU,2021-01-14 02:46:46
155,Upernavik,72.7868,-56.1549,10.24,96,100,16.24,GL,2021-01-14 02:46:46
156,Belaya Gora,68.5333,146.4167,-33.18,83,100,3.87,RU,2021-01-14 02:46:46
157,Kodiak,57.79,-152.4072,32.0,86,40,3.44,US,2021-01-14 02:46:46
158,Vardo,70.3705,31.1107,21.43,96,100,18.86,NO,2021-01-14 02:46:46
159,Port Hedland,-20.3167,118.5667,111.2,15,0,11.5,AU,2021-01-14 02:46:46
160,Leningradskiy,69.3833,178.4167,-7.19,90,100,3.56,RU,2021-01-14 02:46:46
161,Ahipara,-35.1667,173.1667,71.92,68,15,6.76,NZ,2021-01-14 02:46:46
162,Karlstad,59.3793,13.5036,19.4,93,90,12.66,SE,2021-01-14 02:46:46
163,Rozkishne,48.5074,39.3004,28.17,96,100,7.23,UA,2021-01-14 02:46:46
164,Khatanga,71.9667,102.5,-36.54,81,97,12.77,RU,2021-01-14 02:46:46
165,Otavalo,0.2333,-78.2667,57.2,88,75,4.61,EC,2021-01-14 02:46:46
166,Darhan,49.4867,105.9228,-5.82,86,99,2.04,MN,2021-01-14 02:46:46
167,Mounana,-1.4085,13.1586,67.68,95,91,2.89,GA,2021-01-14 02:46:46
168,Ust-Nera,64.5667,143.2,-24.74,75,100,2.53,RU,2021-01-14 02:46:46
169,Ulaanbaatar,47.9077,106.8832,-18.4,69,95,2.24,MN,2021-01-14 02:44:03
170,Hamilton,39.1834,-84.5333,41.0,65,1,4.61,US,2021-01-14 02:43:33
171,Grand Gaube,-20.0064,57.6608,80.01,77,5,3.0,MU,2021-01-14 02:42:21
172,Gisborne,-38.6533,178.0042,73.99,67,51,8.01,NZ,2021-01-14 02:43:29
173,Tyrma,50.0833,132.1667,-3.82,85,94,4.79,RU,2021-01-14 02:46:47
174,Cabo San Lucas,22.8909,-109.9124,64.4,55,1,9.22,MX,2021-01-14 02:45:56
175,Kalevala,65.2,31.1667,-18.04,88,2,1.16,RU,2021-01-14 02:46:47
176,Necochea,-38.5473,-58.7368,57.99,80,25,15.41,AR,2021-01-14 02:46:47
177,Cockburn Town,21.4612,-71.1419,77.72,79,1,19.04,TC,2021-01-14 02:46:47
178,Lagoa,39.05,-27.9833,61.02,91,82,18.14,PT,2021-01-14 02:45:37
179,Biak,-0.9131,122.8766,83.88,72,85,1.9,ID,2021-01-14 02:46:47
180,Villa Carlos Paz,-31.4241,-64.4978,75.99,85,85,4.97,AR,2021-01-14 02:46:47
181,Mandurah,-32.55,115.7,79.0,44,0,4.0,AU,2021-01-14 02:46:47
182,Dikson,73.5069,80.5464,-29.36,84,0,7.58,RU,2021-01-14 02:46:47
183,Galle,6.0367,80.217,78.37,79,98,7.2,LK,2021-01-14 02:43:59
184,Viedma,-40.8135,-62.9967,66.99,68,100,23.22,AR,2021-01-14 02:46:47
185,Padang,-0.9492,100.3543,85.46,56,68,2.35,ID,2021-01-14 02:42:59
186,Castro,-24.7911,-50.0119,64.09,93,78,9.19,BR,2021-01-14 02:46:47
187,Minot,48.2325,-101.2963,48.2,40,90,16.11,US,2021-01-14 02:46:48
188,Kruisfontein,-34.0033,24.7314,70.0,91,98,3.0,ZA,2021-01-14 02:46:48
189,Grootfontein,-19.5667,18.1167,66.29,89,100,4.94,NA,2021-01-14 02:46:48
190,Nyuksenitsa,60.4128,44.2397,-18.13,87,34,6.26,RU,2021-01-14 02:46:48
191,Sakakah,29.9697,40.2064,55.4,41,0,11.5,SA,2021-01-14 02:42:18
192,Agde,43.3108,3.4758,48.2,66,0,11.5,FR,2021-01-14 02:46:48
193,Ternate,0.8,127.4,84.88,67,100,3.56,ID,2021-01-14 02:46:48
194,Karlskoga,59.3267,14.5239,24.8,86,90,18.41,SE,2021-01-14 02:46:48
195,Northam,51.0333,-4.2167,50.0,100,100,7.0,GB,2021-01-14 02:42:20
196,Port Alfred,-33.5906,26.891,66.99,97,100,1.01,ZA,2021-01-14 02:46:48
197,Batken,39.8333,71.0,25.57,78,0,9.53,KG,2021-01-14 02:46:48
198,Mar Del Plata,-38.0023,-57.5575,64.99,63,0,10.36,AR,2021-01-14 02:44:10
199,Guerrero Negro,27.9769,-114.0611,60.37,55,0,10.87,MX,2021-01-14 02:44:13
200,Praia,14.9215,-23.5087,69.8,73,75,20.71,CV,2021-01-14 02:46:48
201,Ngorongoro,-3.2397,35.4875,49.87,100,5,2.66,TZ,2021-01-14 02:46:48
202,New Norfolk,-42.7826,147.0587,73.99,46,73,5.99,AU,2021-01-14 02:46:48
203,Port Blair,11.6667,92.75,80.85,66,0,11.41,IN,2021-01-14 02:46:49
204,Port Elizabeth,-33.918,25.5701,69.8,88,90,11.5,ZA,2021-01-14 02:46:49
205,Weihe,32.9952,105.3247,39.69,63,0,4.83,CN,2021-01-14 02:46:49
206,Linden,6.0,-58.3,73.4,94,20,1.5,GY,2021-01-14 02:45:04
207,Mayo,38.8876,-76.5119,35.01,100,1,6.2,US,2021-01-14 02:46:49
208,Flinders,-34.5833,150.8552,91.0,60,18,4.0,AU,2021-01-14 02:46:10
209,Portland,45.5234,-122.6762,46.99,71,90,5.75,US,2021-01-14 02:46:49
210,Bambous Virieux,-20.3428,57.7575,80.01,88,75,6.91,MU,2021-01-14 02:46:49
211,Jacksonville,30.3322,-81.6556,48.99,81,75,9.22,US,2021-01-14 02:42:17
212,Roros,62.5747,11.3842,-5.8,77,90,2.3,NO,2021-01-14 02:46:49
213,Chuy,-33.6971,-53.4616,62.29,64,0,8.88,UY,2021-01-14 02:44:21
214,Kuchera,26.9839,73.9719,55.81,34,0,4.29,IN,2021-01-14 02:46:49
215,Quang Ngai,15.1167,108.8,68.11,71,96,5.19,VN,2021-01-14 02:46:49
216,Aksay,47.26,39.87,34.0,93,75,11.18,RU,2021-01-14 02:46:49
217,Berlevag,70.8578,29.0864,26.06,96,97,21.45,NO,2021-01-14 02:46:49
218,Manokwari,-0.8667,134.0833,84.76,69,100,6.82,ID,2021-01-14 02:44:37
219,Ilulissat,69.2167,-51.1,24.8,86,90,13.8,GL,2021-01-14 02:46:49
220,Porto Novo,6.4965,2.6036,80.6,89,40,9.22,BJ,2021-01-14 02:42:54
221,Vostok,46.4856,135.8833,1.11,90,100,7.11,RU,2021-01-14 02:46:49
222,Ulladulla,-35.35,150.4667,90.0,48,0,9.22,AU,2021-01-14 02:45:31
223,Nanortalik,60.1432,-45.2371,29.05,94,100,10.4,GL,2021-01-14 02:46:50
224,Severo-Kurilsk,50.6789,156.125,21.88,82,52,2.37,RU,2021-01-14 02:46:50
225,Beyneu,45.3167,55.2,32.59,90,62,32.21,KZ,2021-01-14 02:46:50
226,Dingle,10.9995,122.6711,81.41,83,100,14.23,PH,2021-01-14 02:46:50
227,Jiwani,25.05,61.7417,64.99,31,0,5.48,PK,2021-01-14 02:46:50
228,Plettenberg Bay,-34.0527,23.3716,68.92,91,7,7.61,ZA,2021-01-14 02:46:50
229,Nouadhibou,20.931,-17.0347,59.0,72,78,18.41,MR,2021-01-14 02:46:50
230,Najran,17.4924,44.1277,46.4,57,0,1.86,SA,2021-01-14 02:46:50
231,Iqaluit,63.7506,-68.5145,-14.01,70,20,3.78,CA,2021-01-14 02:46:50
232,Oriximina,-1.7656,-55.8661,75.79,92,75,0.89,BR,2021-01-14 02:46:50
233,Bengkulu,-3.8004,102.2655,81.36,68,100,1.07,ID,2021-01-14 02:46:50
234,Atocha,-20.9333,-66.2333,50.63,72,99,8.01,BO,2021-01-14 02:46:50
235,Cherskiy,68.75,161.3,-23.35,85,100,4.34,RU,2021-01-14 02:46:50
236,Camacupa,-12.0167,17.4833,60.91,82,100,4.38,AO,2021-01-14 02:46:51
237,Elizabeth City,36.2946,-76.2511,41.0,81,1,17.27,US,2021-01-14 02:46:51
238,Mekhe,15.1097,-16.6218,64.4,72,16,14.97,SN,2021-01-14 02:46:51
239,Lata,40.1629,-8.3327,46.0,91,2,3.04,PT,2021-01-14 02:46:51
240,Barabash,43.2,131.4833,15.8,48,0,4.47,RU,2021-01-14 02:46:51
241,Kaitangata,-46.2817,169.8464,64.99,78,34,11.99,NZ,2021-01-14 02:46:51
242,Bosaso,11.2842,49.1816,70.03,73,1,4.56,SO,2021-01-14 02:46:51
243,Nieuw Amsterdam,5.8833,-55.0833,78.01,89,96,9.4,SR,2021-01-14 02:46:51
244,Brigantine,39.4101,-74.3646,42.01,86,1,11.5,US,2021-01-14 02:46:51
245,Acapulco,16.8634,-99.8901,80.6,74,20,11.5,MX,2021-01-14 02:45:54
246,Cariacica,-20.2639,-40.42,77.0,83,20,3.44,BR,2021-01-14 02:46:51
247,Nacala,-14.5428,40.6728,77.61,82,13,9.26,MZ,2021-01-14 02:46:51
248,Ponta Do Sol,32.6667,-17.1,53.01,55,90,3.0,PT,2021-01-14 02:46:51
249,Henties Bay,-22.116,14.2845,69.01,86,100,4.79,NA,2021-01-14 02:46:51
250,Narsaq,60.9167,-46.05,28.4,86,90,3.44,GL,2021-01-14 02:46:51
251,Horsham,51.064,-0.3272,48.99,100,75,5.75,GB,2021-01-14 02:46:52
252,Tuy Hoa,13.0833,109.3,67.71,79,98,8.12,VN,2021-01-14 02:46:52
253,Margate,51.3813,1.3862,44.01,91,100,3.0,GB,2021-01-14 02:42:53
254,Bomet,-0.7813,35.3416,52.39,93,77,2.86,KE,2021-01-14 02:46:52
255,Kirakira,-10.4544,161.9205,84.87,71,100,9.33,SB,2021-01-14 02:46:52
256,San Jose,37.3394,-121.895,61.0,77,40,5.75,US,2021-01-14 02:45:46
257,Zhuhai,22.2769,113.5678,63.0,67,3,6.91,CN,2021-01-14 02:42:57
258,Laguna,38.421,-121.4238,57.99,77,1,11.5,US,2021-01-14 02:46:52
259,Carutapera,-1.195,-46.02,78.26,82,88,8.28,BR,2021-01-14 02:46:52
260,Port Hueneme,34.1478,-119.1951,60.01,94,1,3.44,US,2021-01-14 02:46:52
261,Vakhrushev,48.9833,142.9667,9.86,87,22,9.17,RU,2021-01-14 02:46:52
262,Lulea,65.5842,22.1547,-18.4,76,63,6.91,SE,2021-01-14 02:46:52
263,Le Port,-20.9373,55.2919,77.0,88,90,8.05,RE,2021-01-14 02:46:52
264,Abu Kamal,34.4506,40.9171,59.02,35,100,11.65,SY,2021-01-14 02:46:52
265,Oktyabrskoye,43.0645,44.7417,37.4,100,100,11.18,RU,2021-01-14 02:46:52
266,San Patricio,28.017,-97.5169,48.2,87,40,9.22,US,2021-01-14 02:46:53
267,Saldanha,-33.0117,17.9442,64.4,82,0,4.61,ZA,2021-01-14 02:46:53
268,Kurmanayevka,52.5093,52.0675,6.08,92,100,17.2,RU,2021-01-14 02:46:53
269,Ziniare,12.5822,-1.2983,68.0,26,0,4.61,BF,2021-01-14 02:46:53
270,Ostrovnoy,68.0531,39.5131,3.67,94,74,22.55,RU,2021-01-14 02:46:53
271,Mapimi,25.8167,-103.85,55.4,35,40,2.15,MX,2021-01-14 02:46:53
272,Rebrikha,53.0733,82.3408,-24.14,86,71,8.3,RU,2021-01-14 02:46:53
273,Xining,36.6167,101.7667,23.65,53,7,1.32,CN,2021-01-14 02:46:53
274,Aqtobe,50.2797,57.2072,-0.4,78,0,17.9,KZ,2021-01-14 02:46:53
275,Port-Cartier,50.0334,-66.8654,23.0,86,100,3.44,CA,2021-01-14 02:46:53
276,Nakamura,32.9833,132.9333,57.7,53,4,4.7,JP,2021-01-14 02:46:53
277,Hithadhoo,-0.6,73.0833,82.06,75,63,20.58,MV,2021-01-14 02:46:53
278,Yanam,16.7333,82.2167,73.4,88,34,9.22,IN,2021-01-14 02:46:53
279,Santa Isabel Do Rio Negro,-0.4139,-65.0192,75.67,85,42,1.28,BR,2021-01-14 02:46:53
280,Kloulklubed,7.0419,134.2556,84.2,79,90,8.05,PW,2021-01-14 02:43:48
281,Qui Nhon,13.7667,109.2333,67.59,77,100,9.8,VN,2021-01-14 02:46:54
282,Inhambane,-23.865,35.3833,77.18,88,0,5.32,MZ,2021-01-14 02:46:54
283,Zyryanovsk,49.7386,84.2719,-18.36,85,68,0.58,KZ,2021-01-14 02:46:54
284,Jumla,29.2747,82.1838,50.43,28,0,2.46,NP,2021-01-14 02:46:54
285,Sioux Lookout,50.1001,-91.917,26.6,93,90,4.61,CA,2021-01-14 02:46:54
286,Marsa Matruh,31.3525,27.2453,53.6,71,20,16.11,EG,2021-01-14 02:46:54
287,Fare,-16.7,-151.0167,81.55,76,70,15.9,PF,2021-01-14 02:42:27
288,Port Augusta,-32.5,137.7667,80.01,56,0,16.11,AU,2021-01-14 02:46:54
289,Abu Dhabi,24.4667,54.3667,59.0,82,20,8.05,AE,2021-01-14 02:46:54
290,Saint Anthony,45.0205,-93.218,34.0,86,20,4.61,US,2021-01-14 02:46:54
291,Bom Jesus,-9.0744,-44.3586,74.84,84,91,1.92,BR,2021-01-14 02:46:54
292,Nicoya,10.1483,-85.452,80.6,57,0,19.57,CR,2021-01-14 02:46:54
293,Dangriga,16.9692,-88.2321,73.0,94,15,3.0,BZ,2021-01-14 02:46:54
294,Mana,5.6592,-53.7767,76.77,86,97,10.36,GF,2021-01-14 02:46:54
295,Kavaratti,10.5669,72.642,80.33,72,87,4.56,IN,2021-01-14 02:44:17
296,Malartic,48.1335,-78.1328,30.2,93,90,4.61,CA,2021-01-14 02:46:55
297,Alice Springs,-23.7,133.8833,100.4,15,0,8.05,AU,2021-01-14 02:42:15
298,Normandin,48.8333,-72.5321,30.2,93,100,6.91,CA,2021-01-14 02:46:55
299,Shirokiy,49.758,129.523,-11.7,87,4,7.7,RU,2021-01-14 02:46:55
300,Agua Prieta,31.3,-109.5667,48.99,13,0,3.58,MX,2021-01-14 02:44:08
301,Sechura,-5.5569,-80.8222,73.47,75,97,13.94,PE,2021-01-14 02:46:55
302,Virginia Beach,36.8529,-75.978,44.6,53,1,4.61,US,2021-01-14 02:44:15
303,Nokaneng,-19.6667,22.2667,70.39,87,100,5.03,BW,2021-01-14 02:46:55
304,Esperance,-33.8667,121.9,68.0,42,99,14.97,AU,2021-01-14 02:46:55
305,Sabzevar,36.2126,57.6819,37.04,58,0,1.66,IR,2021-01-14 02:45:01
306,Bhalwal,32.272,72.9043,47.48,50,0,4.36,PK,2021-01-14 02:44:09
307,Warrington,53.3925,-2.5802,42.8,100,90,11.5,GB,2021-01-14 02:41:57
308,Tapes,-30.6733,-51.3958,69.73,70,62,13.22,BR,2021-01-14 02:46:55
309,Gigmoto,13.7796,124.39,78.31,88,100,5.84,PH,2021-01-14 02:46:56
310,Abashiri,44.0213,144.2697,33.01,80,40,3.44,JP,2021-01-14 02:46:56
311,Strezhevoy,60.7333,77.5889,-0.4,85,40,11.18,RU,2021-01-14 02:46:56
312,Baiyin,36.5583,104.2081,28.4,22,60,4.47,CN,2021-01-14 02:46:56
313,Touros,-5.1989,-35.4608,77.0,83,20,3.44,BR,2021-01-14 02:46:56
314,Kollam,8.8833,76.6,80.6,89,40,6.49,IN,2021-01-14 02:44:17
315,Teseney,15.11,36.6575,64.83,67,6,5.66,ER,2021-01-14 02:46:56
316,Prainha,-1.8,-53.48,74.46,90,77,3.62,BR,2021-01-14 02:46:56
317,Walvis Bay,-22.9575,14.5053,69.01,83,100,5.75,NA,2021-01-14 02:46:56
318,Cedar City,37.6775,-113.0619,42.8,49,1,0.89,US,2021-01-14 02:42:18
319,Mbamba,9.9833,13.1,65.48,26,5,4.94,NG,2021-01-14 02:46:56
320,Hami,42.8,93.45,18.93,82,70,5.57,CN,2021-01-14 02:46:56
321,Derzhavinsk,51.1,66.3167,-14.94,88,34,9.93,KZ,2021-01-14 02:46:56
322,Coihaique,-45.5752,-72.0662,53.6,82,0,3.85,CL,2021-01-14 02:41:58
323,Price,39.5994,-110.8107,19.4,68,1,3.44,US,2021-01-14 02:46:57
324,Zeya,53.75,127.2667,-10.61,78,15,1.12,RU,2021-01-14 02:43:26
325,Mehamn,71.0357,27.8492,31.39,97,97,17.54,NO,2021-01-14 02:46:57
326,New Waterford,40.8451,-80.6145,39.0,64,100,3.0,US,2021-01-14 02:45:22
327,Marfino,55.7028,37.3822,9.0,85,90,17.9,RU,2021-01-14 02:46:57
328,Auki,-8.7676,160.7034,87.15,62,97,3.36,SB,2021-01-14 02:46:57
329,Tjome,59.1109,10.3933,24.01,74,75,16.11,NO,2021-01-14 02:46:57
330,Pemangkat,1.1667,108.9667,76.42,90,100,10.11,ID,2021-01-14 02:46:57
331,Deputatskiy,69.3,139.9,-35.5,82,92,1.32,RU,2021-01-14 02:46:57
332,Jovellar,13.0695,123.5999,76.24,91,100,4.76,PH,2021-01-14 02:46:57
333,Vanavara,60.34,102.2797,-6.05,89,100,12.39,RU,2021-01-14 02:46:57
334,Vokhma,58.9303,46.7586,-15.88,88,100,7.31,RU,2021-01-14 02:46:57
335,Tucuman,-26.8241,-65.2226,69.8,94,90,5.75,AR,2021-01-14 02:46:57
336,Mirador,-6.3708,-44.3631,72.95,91,95,1.54,BR,2021-01-14 02:46:57
337,Tarakan,3.3,117.6333,80.6,89,75,10.36,ID,2021-01-14 02:46:57
338,Olesnica,51.2134,17.3899,32.0,91,100,14.41,PL,2021-01-14 02:46:58
339,Isangel,-19.55,169.2667,86.0,84,75,6.91,VU,2021-01-14 02:46:58
340,Teahupoo,-17.8333,-149.2667,86.0,66,40,8.05,PF,2021-01-14 02:46:58
341,Jati,24.3539,68.2671,58.53,44,43,4.45,PK,2021-01-14 02:46:58
342,Stornoway,58.2093,-6.3865,44.6,93,90,14.97,GB,2021-01-14 02:46:58
343,Tera,14.0078,0.7531,68.81,21,0,9.4,NE,2021-01-14 02:46:58
344,Alexandria,31.2156,29.9553,60.8,77,40,11.5,EG,2021-01-14 02:46:58
345,Bireun,5.203,96.7009,80.4,79,76,7.29,ID,2021-01-14 02:46:58
346,Tokur,53.1333,132.9,-12.98,89,96,1.68,RU,2021-01-14 02:46:58
347,Penzance,50.1186,-5.5371,50.0,100,90,21.85,GB,2021-01-14 02:46:58
348,Camacha,33.0833,-16.3333,55.4,71,20,5.75,PT,2021-01-14 02:46:58
349,Naze,28.3667,129.4833,62.6,55,75,10.36,JP,2021-01-14 02:46:58
350,Shahpur,16.7,76.8333,71.78,70,0,4.65,IN,2021-01-14 02:46:58
351,Asau,46.4333,26.4,23.0,100,0,4.61,RO,2021-01-14 02:46:58
352,Cabadiangan,9.7531,122.4739,83.25,77,72,12.44,PH,2021-01-14 02:46:59
353,Kutum,14.2,24.6667,52.97,41,0,7.02,SD,2021-01-14 02:46:59
354,Damietta,31.4165,31.8133,57.2,88,40,12.66,EG,2021-01-14 02:46:59
355,Tessalit,20.1986,1.0114,62.11,27,0,10.31,ML,2021-01-14 02:46:59
356,Loubomo,-4.1997,12.6739,70.3,97,100,3.74,CG,2021-01-14 02:46:59
357,Broken Hill,-31.95,141.4333,78.8,25,0,16.11,AU,2021-01-14 02:46:59
358,Dunedin,-45.8742,170.5036,67.14,64,24,10.54,NZ,2021-01-14 02:45:19
359,Atyrau,47.1167,51.8833,21.2,73,100,33.55,KZ,2021-01-14 02:46:59
360,Tala,30.6803,30.9429,53.06,59,31,10.42,EG,2021-01-14 02:46:59
361,Pisco,-13.7,-76.2167,69.8,83,0,13.8,PE,2021-01-14 02:44:23
362,Boa Vista,2.8197,-60.6733,78.8,78,0,10.36,BR,2021-01-14 02:46:59
363,Athabasca,54.7169,-113.2854,28.4,64,65,14.97,CA,2021-01-14 02:46:59
364,Byron Bay,-28.65,153.6167,84.0,50,0,10.36,AU,2021-01-14 02:46:59
365,Kahului,20.8947,-156.47,82.4,57,40,10.36,US,2021-01-14 02:46:59
366,Pemba,-12.974,40.5178,77.0,94,20,9.22,MZ,2021-01-14 02:47:00
367,Sorland,67.667,12.6934,35.1,84,86,4.05,NO,2021-01-14 02:47:00
368,Nizwa,22.9333,57.5333,49.96,51,0,0.69,OM,2021-01-14 02:47:00
369,Bone,51.9669,12.1396,33.01,92,100,8.01,DE,2021-01-14 02:47:00
370,Taicheng,38.731,113.228,31.42,68,48,2.55,CN,2021-01-14 02:47:00
371,Parana,-31.732,-60.5238,71.01,66,0,3.0,AR,2021-01-14 02:47:00
372,Gat,31.61,34.7642,60.01,100,3,4.0,IL,2021-01-14 02:47:00
373,Port-Gentil,-0.7193,8.7815,78.24,81,98,9.06,GA,2021-01-14 02:47:00
374,Vlotho,52.1653,8.86,33.8,75,16,9.22,DE,2021-01-14 02:47:00
375,Adrar,20.5022,-10.0711,58.68,30,8,13.96,MR,2021-01-14 02:47:00
376,Bien Hoa,10.95,106.8167,78.8,69,15,5.75,VN,2021-01-14 02:47:00
377,Kampot,10.6167,104.1833,78.8,47,0,8.05,KH,2021-01-14 02:47:01
378,Samarai,-10.6167,150.6667,84.24,76,100,7.34,PG,2021-01-14 02:47:01
379,Kununurra,-15.7667,128.7333,91.4,66,90,1.14,AU,2021-01-14 02:43:30
380,Nantucket,41.2835,-70.0995,39.2,70,90,6.91,US,2021-01-14 02:47:01
381,Maniitsoq,65.4167,-52.9,20.43,95,100,9.55,GL,2021-01-14 02:47:01
382,Beringovskiy,63.05,179.3167,-10.79,89,100,9.33,RU,2021-01-14 02:47:01
383,Tilichiki,60.4667,166.1,-23.53,85,3,7.96,RU,2021-01-14 02:47:01
384,Bandarbeyla,9.4942,50.8122,73.06,75,96,20.76,SO,2021-01-14 02:47:01
385,Ilovlya,49.3033,43.9796,30.2,100,90,6.71,RU,2021-01-14 02:47:02
386,Mackay,-21.15,149.2,86.0,69,39,17.27,AU,2021-01-14 02:47:02
387,Sena Madureira,-9.0656,-68.6569,74.08,92,92,1.54,BR,2021-01-14 02:47:02
388,Tasiilaq,65.6145,-37.6368,32.0,86,75,28.77,GL,2021-01-14 02:47:02
389,Yichun,47.7,128.9,-1.88,87,85,4.03,CN,2021-01-14 02:47:02
390,Magadan,59.5667,150.8,-7.13,82,53,6.82,RU,2021-01-14 02:43:47
391,Gwadar,25.1216,62.3254,63.93,26,0,4.72,PK,2021-01-14 02:47:02
392,Quatre Cocos,-20.2078,57.7625,80.01,88,75,6.91,MU,2021-01-14 02:47:03
393,Teguise,29.0605,-13.564,59.0,72,0,10.36,ES,2021-01-14 02:47:03
394,Namatanai,-3.6667,152.4333,85.62,64,99,10.94,PG,2021-01-14 02:46:11
395,Atar,20.5169,-13.0499,60.8,29,100,14.25,MR,2021-01-14 02:47:03
396,Kananga,-5.8958,22.4178,67.24,96,99,0.22,CD,2021-01-14 02:47:03
397,Aklavik,68.2191,-135.0107,-14.8,76,100,4.63,CA,2021-01-14 02:45:44
398,Khor,47.8861,134.9464,3.79,92,100,5.55,RU,2021-01-14 02:47:03
399,Bukachacha,52.9833,116.9167,-12.53,81,9,1.32,RU,2021-01-14 02:47:03
400,Nishihara,26.1842,127.7558,66.2,39,75,10.36,JP,2021-01-14 02:47:03
401,Ornskoldsvik,63.2909,18.7153,3.2,85,40,8.05,SE,2021-01-14 02:47:03
402,Szczytno,53.5626,20.9875,28.4,100,75,4.61,PL,2021-01-14 02:47:03
403,Pangnirtung,66.1451,-65.7125,-5.12,75,98,0.65,CA,2021-01-14 02:47:03
404,Remedios,22.4947,-79.5458,71.6,94,40,6.91,CU,2021-01-14 02:47:03
405,Paso De Carrasco,-34.8603,-56.0522,66.2,63,0,13.8,UY,2021-01-14 02:43:26
406,Impfondo,1.6381,18.0667,74.34,78,97,3.53,CG,2021-01-14 02:47:04
407,Tungor,53.3808,142.9564,-2.92,90,100,14.63,RU,2021-01-14 02:47:04
408,Kichera,55.9375,110.0997,-11.02,80,97,1.23,RU,2021-01-14 02:47:04
409,Sinor,21.9167,73.3333,55.4,94,0,3.85,IN,2021-01-14 02:47:04
410,Middelburg,-25.7751,29.4648,60.24,91,51,6.87,ZA,2021-01-14 02:47:04
411,Balotra,25.8333,72.2333,59.18,31,22,6.78,IN,2021-01-14 02:47:04
412,Cayenne,4.9333,-52.3333,78.8,83,75,8.05,GF,2021-01-14 02:47:04
413,Rio Verde De Mato Grosso,-18.9181,-54.8442,75.16,84,100,3.33,BR,2021-01-14 02:47:04
414,Holliston,42.2001,-71.4245,35.01,65,56,4.56,US,2021-01-14 02:47:05
415,Chifeng,42.2683,118.9636,9.41,91,100,2.17,CN,2021-01-14 02:47:05
416,Ertil,51.8406,40.8056,35.15,98,100,13.13,RU,2021-01-14 02:47:05
417,Cururupu,-1.8283,-44.8683,76.12,88,100,4.16,BR,2021-01-14 02:47:05
418,Porto Santo,33.072,-16.3415,55.4,71,20,5.75,PT,2021-01-14 02:47:05
419,Hasaki,35.7333,140.8333,52.0,50,20,6.91,JP,2021-01-14 02:42:43
420,Atakpame,7.5333,1.1333,73.87,79,0,1.7,TG,2021-01-14 02:47:05
421,Tual,-5.6667,132.75,83.34,77,100,11.7,ID,2021-01-14 02:46:27
422,Tanete,-3.9443,119.7848,87.67,66,99,3.83,ID,2021-01-14 02:47:05
423,Yar-Sale,66.8333,70.8333,2.82,90,99,15.64,RU,2021-01-14 02:47:05
424,Bolotnoye,55.6717,84.3981,-16.56,88,99,11.43,RU,2021-01-14 02:47:05
425,Kaniama,-7.5667,24.1833,64.09,96,100,2.33,CD,2021-01-14 02:47:05
426,Roma,43.2128,-75.4557,30.99,74,90,5.75,US,2021-01-14 02:46:47
427,Fenoarivo,-18.933,47.4354,68.0,94,75,3.44,MG,2021-01-14 02:47:06
428,Marzuq,14.4,46.4667,49.46,51,0,1.36,YE,2021-01-14 02:47:06
429,Kenora,49.8167,-94.4337,26.6,80,40,9.22,CA,2021-01-14 02:47:06
430,Chabahar,25.2919,60.643,64.85,48,0,7.05,IR,2021-01-14 02:47:06
431,Klaksvik,62.2266,-6.589,39.2,81,40,24.16,FO,2021-01-14 02:44:35
432,Sambava,-14.2667,50.1667,76.96,90,45,3.4,MG,2021-01-14 02:47:06
433,Emba,48.8264,58.1442,-0.99,88,95,16.58,KZ,2021-01-14 02:47:06
434,Korla,41.7597,86.1469,21.27,79,21,3.31,CN,2021-01-14 02:47:06
435,Kishapu,-3.6167,33.8667,66.04,90,82,0.67,TZ,2021-01-14 02:47:06
436,Bulgan,48.8125,103.5347,-4.79,87,46,3.94,MN,2021-01-14 02:47:06
437,De Aar,-30.6497,24.0123,71.8,68,15,11.79,ZA,2021-01-14 02:47:07
438,George,-33.963,22.4617,66.2,94,90,1.14,ZA,2021-01-14 02:47:07
439,Saint-Francois,46.4154,3.9054,44.01,93,75,10.36,FR,2021-01-14 02:47:07
440,Chhuikhadan,21.5333,80.9833,61.54,35,70,2.51,IN,2021-01-14 02:47:07
441,Cabedelo,-6.9811,-34.8339,77.0,88,20,3.44,BR,2021-01-14 02:47:07
442,Bud,39.447,-86.1758,41.0,65,1,4.61,US,2021-01-14 02:47:07
443,Lengshuijiang,27.6881,111.4294,58.77,37,1,2.51,CN,2021-01-14 02:46:06
444,Souillac,-20.5167,57.5167,77.0,88,75,6.91,MU,2021-01-14 02:47:07
445,Vidyayevo,69.3191,32.8049,-5.8,84,0,2.24,RU,2021-01-14 02:47:07
446,Becerril,9.7041,-73.2793,77.14,70,100,5.12,CO,2021-01-14 02:47:07
447,Ayagoz,47.9714,80.4392,-19.57,85,16,8.21,KZ,2021-01-14 02:47:07
448,Wajima,37.4,136.9,42.8,87,75,4.61,JP,2021-01-14 02:47:07
449,Rosetta,31.4044,30.4164,60.8,77,40,11.5,EG,2021-01-14 02:47:07
450,Barwadih,23.8333,84.1167,57.42,36,0,1.79,IN,2021-01-14 02:47:08
451,Alvaraes,-3.2208,-64.8042,74.8,97,100,2.82,BR,2021-01-14 02:47:08
452,Shingu,33.7333,135.9833,55.4,54,20,11.5,JP,2021-01-14 02:47:08
453,Port Hardy,50.6996,-127.4199,42.8,87,90,4.61,CA,2021-01-14 02:47:08
454,San Rafael,-34.6177,-68.3301,73.11,62,3,16.4,AR,2021-01-14 02:47:08
455,Ancud,-41.8697,-73.8203,52.0,81,0,2.3,CL,2021-01-14 02:44:30
456,Bacolod,10.6667,122.95,80.89,83,99,12.01,PH,2021-01-14 02:47:08
457,Itarema,-2.9248,-39.9167,78.49,80,90,11.74,BR,2021-01-14 02:47:08
458,Russell,32.3502,-85.1999,44.6,80,1,4.56,US,2021-01-14 02:45:28
459,Verkhnyaya Toyma,62.2349,44.9985,-19.5,87,47,4.29,RU,2021-01-14 02:47:08
460,Samana,19.2056,-69.3369,75.6,81,32,8.57,DO,2021-01-14 02:47:08
461,Guanica,17.9716,-66.908,73.0,88,0,7.4,PR,2021-01-14 02:47:08
462,Qaqortoq,60.7167,-46.0333,28.4,86,90,3.44,GL,2021-01-14 02:47:08
463,Hongjiang,27.11,109.9956,58.5,41,0,3.51,CN,2021-01-14 02:47:09
464,Krasnoselkup,65.7,82.4667,-4.11,92,100,7.52,RU,2021-01-14 02:47:09
465,Iracoubo,5.4802,-53.2011,77.41,85,99,12.3,GF,2021-01-14 02:47:09
466,Hambantota,6.1241,81.1185,77.0,100,75,5.75,LK,2021-01-14 02:47:09
467,Daloa,6.8774,-6.4502,72.12,92,6,3.36,CI,2021-01-14 02:47:09
468,Mirandela,41.4874,-7.187,30.99,70,0,0.27,PT,2021-01-14 02:47:09
469,Baruun-Urt,46.6806,113.2792,-0.74,92,100,4.59,MN,2021-01-14 02:47:09
470,Jinchang,38.4953,102.1739,27.82,63,0,5.97,CN,2021-01-14 02:47:09
471,Bhind,26.5642,78.7883,50.58,46,0,2.37,IN,2021-01-14 02:47:09
472,Aksu,41.1231,80.2644,19.24,72,0,1.19,CN,2021-01-14 02:47:09
473,Raudeberg,61.9875,5.1352,28.4,64,0,10.36,NO,2021-01-14 02:47:09
474,Kuytun,54.3419,101.5036,-9.27,90,100,4.14,RU,2021-01-14 02:47:09
475,Radishchevo,52.85,47.8833,15.39,96,100,18.39,RU,2021-01-14 02:47:09
476,Conde,-7.2597,-34.9075,77.0,88,20,3.44,BR,2021-01-14 02:42:55
477,Roald,62.5833,6.1333,25.0,86,0,8.05,NO,2021-01-14 02:47:09
478,La Palma,33.8464,-118.0467,66.2,42,75,4.61,US,2021-01-14 02:47:10
479,Baykit,61.67,96.37,-3.98,87,100,9.08,RU,2021-01-14 02:42:20
480,Coolum Beach,-26.5333,153.1,82.99,66,1,11.21,AU,2021-01-14 02:47:10
481,Khambhaliya,22.2072,69.6683,55.4,76,40,5.75,IN,2021-01-14 02:47:10
482,Honiara,-9.4333,159.95,86.41,61,98,6.91,SB,2021-01-14 02:47:10
483,Bubaque,11.2833,-15.8333,78.15,68,0,6.13,GW,2021-01-14 02:47:10
484,Vengerovo,55.6848,76.7471,-16.38,89,100,8.52,RU,2021-01-14 02:47:10
485,Kadoma,34.7333,135.5833,55.0,66,20,3.44,JP,2021-01-14 02:47:10
486,Kwekwe,-18.9281,29.8149,64.87,95,74,5.23,ZW,2021-01-14 02:47:10
487,Lixourion,38.2019,20.4314,52.48,58,0,31.47,GR,2021-01-14 02:47:10
488,Kattivakkam,13.2167,80.3167,78.8,94,75,5.75,IN,2021-01-14 02:47:11
489,Bac Lieu,9.285,105.7244,77.22,62,18,4.21,VN,2021-01-14 02:47:11
490,Saryg-Sep,51.5,95.6,-7.17,89,94,1.03,RU,2021-01-14 02:47:11
491,Kemijarvi,66.7131,27.4306,-6.57,90,71,2.15,FI,2021-01-14 02:47:11
492,Namie,37.4833,141.0,57.0,79,0,13.89,JP,2021-01-14 02:47:11
493,Varzob,38.7737,68.8178,33.8,55,0,9.69,TJ,2021-01-14 02:47:11
494,San Ramon,37.7799,-121.978,61.0,77,1,2.44,US,2021-01-14 02:47:11
495,Oistins,13.0667,-59.5333,80.6,65,20,17.27,BB,2021-01-14 02:47:11
496,Chegdomyn,51.1167,133.0167,-1.88,88,100,1.99,RU,2021-01-14 02:47:11
497,Murray,40.6669,-111.888,41.0,75,90,3.44,US,2021-01-14 02:45:38
498,Urgut,39.4022,67.2431,35.6,69,0,4.61,UZ,2021-01-14 02:47:11
499,Richards Bay,-28.783,32.0377,72.63,90,75,3.15,ZA,2021-01-14 02:47:11
500,Cody,44.5263,-109.0565,37.4,17,1,35.68,US,2021-01-14 02:44:27
501,Ayr,55.4627,-4.6339,39.2,93,90,9.22,GB,2021-01-14 02:47:11
502,Labuhan,-6.8844,112.2051,82.76,74,100,6.35,ID,2021-01-14 02:47:12
503,Ottawa,45.4112,-75.6981,33.01,100,90,5.75,CA,2021-01-14 02:42:15
504,Whitehorse,60.7161,-135.0538,23.0,58,20,4.61,CA,2021-01-14 02:47:12
505,Shubarkuduk,49.1447,56.4872,2.8,89,91,21.88,KZ,2021-01-14 02:47:12
506,Sobolevo,54.4299,31.8996,12.09,96,100,11.07,RU,2021-01-14 02:47:12
507,Zyryanka,65.75,150.85,-26.55,85,100,10.74,RU,2021-01-14 02:47:12
508,Erenhot,43.6475,111.9767,10.74,93,92,1.63,CN,2021-01-14 02:45:53
509,Victoria Point,-27.5833,153.3,84.0,54,20,10.36,AU,2021-01-14 02:47:12
510,Rocha,-34.4833,-54.3333,56.26,77,0,4.92,UY,2021-01-14 02:44:26
511,General Roca,-39.0333,-67.5833,75.2,60,40,6.91,AR,2021-01-14 02:47:12
512,Caxias,38.7031,-9.2767,50.0,93,20,5.75,PT,2021-01-14 02:47:12
513,Bitung,1.4451,125.1824,89.6,66,40,4.61,ID,2021-01-14 02:47:12
514,Talagang,32.9297,72.4158,46.31,49,0,2.44,PK,2021-01-14 02:47:13
515,Iwanai,42.9744,140.5089,24.98,88,93,25.81,JP,2021-01-14 02:45:21
516,Pacifica,37.6138,-122.4869,59.0,94,40,8.05,US,2021-01-14 02:47:13
517,Dandong,40.1292,124.3947,26.42,72,23,4.88,CN,2021-01-14 02:47:13
518,Maningrida,-12.0667,134.2667,92.55,58,30,5.48,AU,2021-01-14 02:47:13
519,Kieta,-6.2167,155.6333,86.27,57,100,5.23,PG,2021-01-14 02:47:13
520,Poso,-1.3959,120.7524,87.71,59,100,3.44,ID,2021-01-14 02:45:52
521,Parksville,49.3163,-124.3195,44.6,76,62,6.91,CA,2021-01-14 02:47:13
522,Ous,60.9058,61.5186,-10.93,85,0,5.21,RU,2021-01-14 02:47:13
523,Luan,46.3592,6.9759,39.2,87,100,3.44,CH,2021-01-14 02:47:13
524,Chokurdakh,70.6333,147.9167,-25.47,86,100,6.46,RU,2021-01-14 02:47:13
525,Hofn,64.2539,-15.2082,41.16,92,100,19.57,IS,2021-01-14 02:47:13
526,Kasongo,-4.45,26.6667,67.32,100,100,5.73,CD,2021-01-14 02:47:13
527,Neiafu,-18.65,-173.9833,86.0,74,20,9.22,TO,2021-01-14 02:47:14
528,Warmbad,-28.45,18.7333,80.33,49,13,4.38,NA,2021-01-14 02:47:14
529,Ishigaki,24.3448,124.1572,69.8,52,40,12.66,JP,2021-01-14 02:47:14
530,Olinda,-8.0089,-34.8553,78.8,65,40,5.75,BR,2021-01-14 02:47:14
531,Champerico,14.3,-91.9167,68.0,93,0,1.01,GT,2021-01-14 02:47:14
532,Quepos,9.4236,-84.1652,69.8,73,0,3.44,CR,2021-01-14 02:47:14
533,Banda Aceh,5.5577,95.3222,81.91,73,52,9.33,ID,2021-01-14 02:47:14
534,Kailua,21.4022,-157.7394,80.6,61,75,8.05,US,2021-01-14 02:47:14
535,Nelspruit,-25.4745,30.9703,69.8,88,28,1.28,ZA,2021-01-14 02:47:14
536,Kimbe,-5.5502,150.1429,83.84,81,100,6.49,PG,2021-01-14 02:47:14
537,Luderitz,-26.6481,15.1594,65.03,88,96,7.02,NA,2021-01-14 02:47:14
538,Sao Borja,-28.6606,-56.0044,72.86,67,7,13.94,BR,2021-01-14 02:42:47
539,Airai,-8.9266,125.4092,75.56,75,100,1.95,TL,2021-01-14 02:46:16
540,Eureka,40.8021,-124.1637,55.0,93,60,2.62,US,2021-01-14 02:47:11
541,Wahiawa,21.5028,-158.0236,80.6,65,1,10.36,US,2021-01-14 02:47:14
542,Ulaangom,49.9811,92.0667,-4.79,91,100,1.41,MN,2021-01-14 02:47:15
543,Te Anau,-45.4167,167.7167,75.25,40,1,6.02,NZ,2021-01-14 02:47:15
544,Onguday,50.75,86.15,-4.88,84,98,0.51,RU,2021-01-14 02:47:15
545,Majene,-3.5403,118.9707,83.89,78,99,6.02,ID,2021-01-14 02:47:15
546,Igrim,63.1906,64.4162,-4.72,87,13,6.06,RU,2021-01-14 02:47:15
547,Nileshwar,12.25,75.1,77.67,67,100,6.29,IN,2021-01-14 02:47:15
548,Avera,33.194,-82.5271,42.8,81,1,3.44,US,2021-01-14 02:47:15
549,Tabuleiro Do Norte,-5.2467,-38.1306,76.95,80,94,8.28,BR,2021-01-14 02:47:15
550,Awjilah,29.1081,21.2869,54.01,60,65,17.52,LY,2021-01-14 02:47:15
551,Meulaboh,4.1363,96.1285,80.98,69,83,2.3,ID,2021-01-14 02:47:15
552,Ballangen,68.3428,16.8315,24.8,74,90,4.61,NO,2021-01-14 02:47:15
553,Nhulunbuy,-12.2333,136.7667,89.6,66,75,5.75,AU,2021-01-14 02:47:15
554,Vila Franca Do Campo,37.7167,-25.4333,61.0,94,75,12.66,PT,2021-01-14 02:47:16
555,Maun,-19.9833,23.4167,71.6,100,0,6.91,BW,2021-01-14 02:47:16
556,Ransang,8.9603,117.5828,84.43,68,99,9.22,PH,2021-01-14 02:47:16
557,Akdepe,42.0551,59.3788,24.8,74,0,16.11,TM,2021-01-14 02:47:16
558,Pacific Grove,36.6177,-121.9166,60.01,72,1,3.44,US,2021-01-14 02:42:30
559,Logansport,40.7545,-86.3567,41.0,75,75,11.5,US,2021-01-14 02:47:16
560,Nemuro,43.3236,145.575,28.4,100,90,2.3,JP,2021-01-14 02:45:19
561,Lerwick,60.1545,-1.1494,39.2,65,40,18.41,GB,2021-01-14 02:47:16
562,Dawei,14.0833,98.2,80.1,38,0,0.36,MM,2021-01-14 02:47:16
563,Tokat,40.4167,36.5833,30.52,100,100,3.89,TR,2021-01-14 02:47:16
564,Tambovka,50.0969,128.0489,-7.6,59,0,4.47,RU,2021-01-14 02:47:16
565,Tiksi,71.6872,128.8694,-32.6,83,91,3.67,RU,2021-01-14 02:44:08
566,Norden,53.6,7.2,35.01,64,34,5.01,DE,2021-01-14 02:47:16
567,Malpe,13.35,74.7167,73.4,83,40,7.09,IN,2021-01-14 02:47:16
568,Rottingdean,50.8098,-0.0594,48.0,100,100,3.0,GB,2021-01-14 02:47:16
569,Nouakchott,18.0858,-15.9785,60.8,23,100,13.8,MR,2021-01-14 02:47:17
570,Ngunguru,-35.6167,174.5,69.46,74,0,7.38,NZ,2021-01-14 02:47:17
571,Kintinku,-5.8833,35.2333,66.2,94,75,3.42,TZ,2021-01-14 02:47:17
572,Farah,32.5,62.5,34.5,59,0,2.75,AF,2021-01-14 02:47:17
573,Jiuquan,39.7432,98.5174,22.35,78,68,2.62,CN,2021-01-14 02:47:17
574,Kyra,49.5776,111.9753,-2.81,81,0,4.68,RU,2021-01-14 02:47:17
575,Todos Santos,23.45,-110.2167,64.0,74,0,7.54,MX,2021-01-14 02:47:17
576,Takoradi,4.8845,-1.7554,78.19,86,98,7.47,GH,2021-01-14 02:47:17
577,Aksarayskiy,46.7924,48.0119,32.0,80,90,17.9,RU,2021-01-14 02:47:17
578,Savannakhet,16.566,104.751,64.4,59,6,2.3,LA,2021-01-14 02:47:17
579,Okhotsk,59.3833,143.3,-11.49,81,0,9.62,RU,2021-01-14 02:47:17
580,Melbu,68.5044,14.8297,30.2,93,75,5.75,NO,2021-01-14 02:47:17
581,Sutysky,49.0425,28.4173,27.0,87,99,11.05,UA,2021-01-14 02:47:17
582,Bambanglipuro,-7.95,110.2833,83.93,63,100,4.74,ID,2021-01-14 02:47:18
583,Gaoua,10.2992,-3.2508,67.91,22,0,4.97,BF,2021-01-14 02:47:18
584,Svetlyy,54.675,20.1347,30.2,93,90,8.95,RU,2021-01-14 02:47:18
585,Nambucca Heads,-30.65,153.0,86.0,65,0,20.71,AU,2021-01-14 02:47:18
586,Scottsbluff,41.8666,-103.6672,53.6,37,1,20.71,US,2021-01-14 02:47:18
587,Sept-Iles,50.2001,-66.3821,23.0,86,100,3.44,CA,2021-01-14 02:47:18
588,Bucerias,20.75,-105.3333,68.0,83,90,3.09,MX,2021-01-14 02:47:18
589,Xingcheng,40.6167,120.7167,19.04,80,91,9.55,CN,2021-01-14 02:47:18
590,Feijo,-8.1642,-70.3536,74.17,92,100,2.13,BR,2021-01-14 02:47:18
591,Rio Grande,-32.035,-52.0986,68.0,69,0,15.26,BR,2021-01-14 02:47:18
592,Andenes,69.3143,16.1194,32.0,74,90,8.05,NO,2021-01-14 02:47:19
593,Maxixe,-23.8597,35.3472,76.21,90,0,5.14,MZ,2021-01-14 02:47:19
594,Kabala,9.5833,-11.55,67.73,68,0,1.86,SL,2021-01-14 02:47:19
595,Linqu,36.5156,118.5397,44.44,56,0,8.7,CN,2021-01-14 02:47:19
596,Kasangulu,-4.5911,15.1708,73.4,88,40,6.91,CD,2021-01-14 02:47:19
597,Blagoyevo,63.3667,47.9167,-16.71,85,16,3.13,RU,2021-01-14 02:47:19
598,Bathsheba,13.2167,-59.5167,80.6,65,20,17.27,BB,2021-01-14 02:47:19
599,Muros,42.7762,-9.0603,45.0,88,52,1.99,ES,2021-01-14 02:47:19
600,Vicuna,-30.0319,-70.7081,59.0,82,0,8.05,CL,2021-01-14 02:47:19
601,Shinpokh,34.3292,71.1782,42.8,61,75,1.21,PK,2021-01-14 02:47:19
602,Husavik,66.0449,-17.3389,39.2,70,90,8.05,IS,2021-01-14 02:47:19
603,Mae Hong Son,19.3003,97.9685,62.6,94,75,1.01,TH,2021-01-14 02:44:42
604,Anchorage,61.2181,-149.9003,24.01,73,20,3.8,US,2021-01-14 02:47:16
605,Vallenar,-28.5708,-70.7581,63.37,52,0,1.79,CL,2021-01-14 02:47:19
606,Madera,37.1666,-119.8343,52.0,76,66,2.19,US,2021-01-14 02:47:19
607,Zavyalovo,54.5053,82.4484,-11.2,77,90,6.71,RU,2021-01-14 02:47:19
608,Kollo,13.3043,2.339,69.8,19,0,4.61,NE,2021-01-14 02:47:20
609,San Lorenzo De El Escorial,40.5914,-4.1474,32.0,72,0,4.18,ES,2021-01-14 02:47:20
610,Madang,-5.2246,145.7966,84.09,79,100,7.2,PG,2021-01-14 02:47:20
611,Banepa,27.6298,85.5214,48.2,87,75,2.3,NP,2021-01-14 02:47:20
612,Mandalgovi,45.7625,106.2708,5.99,89,100,13.96,MN,2021-01-14 02:47:20
613,Cedar Falls,42.5278,-92.4455,32.0,80,1,4.61,US,2021-01-14 02:42:33
614,Pointe-Noire,-4.7761,11.8635,76.19,86,57,4.9,CG,2021-01-14 02:47:20
615,Olonets,60.9847,32.9698,-9.98,89,77,8.46,RU,2021-01-14 02:47:20
616,Sawakin,19.1059,37.3321,76.41,75,60,0.45,SD,2021-01-14 02:47:20
617,Otradnoye,59.7775,30.8181,6.8,78,40,8.95,RU,2021-01-14 02:47:20
618,Sandanski,41.5667,23.2833,30.99,69,50,3.0,BG,2021-01-14 02:45:19
619,Praya,14.9215,-23.5087,69.8,73,75,20.71,CV,2021-01-14 02:42:31
620,Limerick,52.6647,-8.6231,48.2,87,75,10.36,IE,2021-01-14 02:46:48
621,Pavilosta,56.8879,21.1859,30.2,86,90,11.5,LV,2021-01-14 02:47:21
622,Makakilo City,21.3469,-158.0858,80.6,61,1,12.66,US,2021-01-14 02:47:21
623,Del Rio,29.3627,-100.8968,55.4,41,1,4.61,US,2021-01-14 02:45:07
624,Mujiayingzi,42.1167,118.7833,11.16,90,100,2.75,CN,2021-01-14 02:47:21
625,Khandyga,62.6667,135.6,-43.1,79,79,0.43,RU,2021-01-14 02:47:21
626,Boyolangu,-8.1181,111.8935,83.05,71,100,6.35,ID,2021-01-14 02:47:21
627,Nome,64.5011,-165.4064,17.6,93,90,11.5,US,2021-01-14 02:45:19
628,Atherton,53.5237,-2.4935,41.0,90,100,1.99,GB,2021-01-14 02:43:48
629,Bowen,-20.0167,148.2333,84.2,61,89,16.11,AU,2021-01-14 02:47:22
630,Voh,-20.9667,164.7,81.34,83,100,4.79,NC,2021-01-14 02:47:22
631,Minsk,53.9,27.5667,19.4,86,90,8.95,BY,2021-01-14 02:43:01
632,Nuristan,35.3,70.8333,17.08,59,0,12.73,AF,2021-01-14 02:47:22
633,Pryazha,61.6926,33.6216,-13.0,77,70,6.71,RU,2021-01-14 02:47:22
634,Tabou,4.423,-7.3528,77.05,86,49,5.93,CI,2021-01-14 02:47:22
635,Verkhnyaya Inta,65.9811,60.3094,-11.42,88,100,15.55,RU,2021-01-14 02:47:22
636,Bonavista,48.6499,-53.1147,30.0,93,100,1.14,CA,2021-01-14 02:47:22
637,Marsabit,2.3284,37.9899,64.96,53,1,5.84,KE,2021-01-14 02:47:22
638,Katsuura,35.1333,140.3,52.0,54,20,6.91,JP,2021-01-14 02:47:22
639,Westerland,54.9079,8.3033,32.0,80,20,18.41,DE,2021-01-14 02:47:22
640,Araouane,18.9048,-3.5265,62.87,26,0,11.61,ML,2021-01-14 02:47:23
641,Danville,36.586,-79.395,39.99,75,1,4.03,US,2021-01-14 02:44:29
642,Mahesana,23.6,72.4,55.4,62,2,5.75,IN,2021-01-14 02:47:23
643,Mitsamiouli,-11.3847,43.2844,80.85,75,12,8.5,KM,2021-01-14 02:47:23
644,Lugovoy,42.9472,72.7644,17.96,92,63,6.55,KZ,2021-01-14 02:47:23
645,Wad Rawah,15.1603,33.1397,67.39,39,0,10.45,SD,2021-01-14 02:47:23
646,Kaka,37.3482,59.6143,41.83,62,0,6.24,TM,2021-01-14 02:47:23
647,Turukhansk,65.8167,87.9833,-25.83,85,94,7.67,RU,2021-01-14 02:47:23
648,Eyl,7.9803,49.8164,70.41,76,13,16.71,SO,2021-01-14 02:47:23
649,Along,28.1667,94.7667,62.47,52,1,0.29,IN,2021-01-14 02:47:24
650,Kulhudhuffushi,6.6221,73.07,80.35,78,100,8.41,MV,2021-01-14 02:47:24
651,Opuwo,-18.0607,13.84,66.88,53,100,3.96,NA,2021-01-14 02:47:24
652,Rundu,-17.9333,19.7667,67.71,94,100,2.91,NA,2021-01-14 02:43:52
653,Yumen,40.2833,97.2,25.57,65,94,17.49,CN,2021-01-14 02:47:24
654,Boone,39.0334,-92.3335,43.0,52,1,11.5,US,2021-01-14 02:45:50
655,Bontang,0.1333,117.5,83.88,71,100,10.42,ID,2021-01-14 02:47:24
656,Geraldton,-28.7667,114.6,93.2,21,0,16.11,AU,2021-01-14 02:47:24
657,Elko,41.0002,-115.5012,44.6,57,20,8.05,US,2021-01-14 02:47:24
658,Vila Velha,-20.3297,-40.2925,77.0,83,20,3.44,BR,2021-01-14 02:45:33
659,Timizart,36.8,4.2667,42.89,81,7,4.76,DZ,2021-01-14 02:47:24
660,Santiago,-33.4569,-70.6483,71.01,22,0,12.66,CL,2021-01-14 02:47:24
661,Mount Isa,-20.7333,139.5,96.8,20,0,17.27,AU,2021-01-14 02:47:25
662,Koungheul,13.9833,-14.8,73.27,20,0,12.01,SN,2021-01-14 02:47:25
663,Vestmannaeyjar,63.4427,-20.2734,44.13,76,90,14.36,IS,2021-01-14 02:47:25
664,Isetskoye,56.4858,65.3226,-19.86,86,0,5.1,RU,2021-01-14 02:47:25
665,Shangrao,28.4532,117.9686,54.57,41,0,2.91,CN,2021-01-14 02:47:25
666,Sarankhola,22.3082,89.7897,71.13,46,0,3.96,BD,2021-01-14 02:47:25
667,Imeni Babushkina,59.7573,43.1285,-16.85,87,99,6.67,RU,2021-01-14 02:47:25
668,Bonoua,5.2741,-3.595,77.0,100,0,5.75,CI,2021-01-14 02:47:25
669,Kamina,-8.7386,24.9906,62.67,99,100,4.21,CD,2021-01-14 02:47:25
670,Illintsi,49.1048,29.2177,27.48,95,95,10.6,UA,2021-01-14 02:47:25
671,Tocopilla,-22.092,-70.1979,67.41,65,45,6.55,CL,2021-01-14 02:47:25
672,Olafsvik,64.8945,-23.7142,40.78,81,46,19.24,IS,2021-01-14 02:47:25
673,Mae Ramat,16.984,98.5166,64.4,77,0,1.14,TH,2021-01-14 02:47:25
674,Cambui,-22.6122,-46.0575,67.21,89,100,2.57,BR,2021-01-14 02:47:26
675,Kurilsk,45.2333,147.8833,30.61,96,100,14.25,RU,2021-01-14 02:47:26
676,Raga,8.4596,25.678,62.65,30,62,2.86,SS,2021-01-14 02:47:26
677,Sao Miguel Do Iguacu,-25.3481,-54.2378,73.4,100,40,3.44,BR,2021-01-14 02:47:26
678,Mount Gambier,-37.8333,140.7667,66.2,63,75,20.71,AU,2021-01-14 02:47:08
679,Astana,51.1801,71.446,-27.4,68,0,6.71,KZ,2021-01-14 02:47:26
680,Lodwar,3.1191,35.5973,78.53,41,0,5.41,KE,2021-01-14 02:47:26
681,Treinta Y Tres,-33.2333,-54.3833,56.43,75,0,6.8,UY,2021-01-14 02:47:26
682,Khasan,42.4308,130.6434,20.82,73,0,16.28,RU,2021-01-14 02:47:26
683,Lakes Entrance,-37.8811,147.981,70.0,63,36,3.0,AU,2021-01-14 02:47:26
684,Pingzhuang,42.0372,119.2889,13.35,92,100,11.74,CN,2021-01-14 02:47:26
685,Boundiali,9.5217,-6.4869,65.73,25,61,1.03,CI,2021-01-14 02:47:26
686,Leticia,-4.2153,-69.9406,73.69,98,100,1.05,CO,2021-01-14 02:47:26
687,Komsomolskiy,40.4272,71.7189,26.6,80,0,4.61,UZ,2021-01-14 02:47:26
688,West Bay,19.3667,-81.4167,78.8,89,20,5.75,KY,2021-01-14 02:44:56
689,Umm Lajj,25.0213,37.2685,73.63,39,20,6.71,SA,2021-01-14 02:47:27
690,Boissevain,49.2306,-100.0559,36.0,100,90,11.5,CA,2021-01-14 02:47:27
691,Muscat,23.6139,58.5922,59.0,58,0,9.22,OM,2021-01-14 02:47:27
692,Moerai,-22.4333,-151.3333,79.79,78,0,13.67,PF,2021-01-14 02:47:27
693,Curup,-3.4667,102.5333,76.66,69,100,1.7,ID,2021-01-14 02:47:27
694,Ambo,-10.1308,-76.2047,62.91,64,100,4.21,PE,2021-01-14 02:47:27
695,Muroto,33.2833,134.15,51.8,54,20,2.3,JP,2021-01-14 02:47:27
696,Srednekolymsk,67.45,153.6833,-18.92,88,100,6.53,RU,2021-01-14 02:47:27
697,Baracoa,20.3467,-74.4958,72.81,83,35,2.68,CU,2021-01-14 02:45:01
698,Pierre,44.3683,-100.351,42.8,70,90,26.15,US,2021-01-14 02:47:27
699,Saint-Augustin,51.226,-58.6502,19.53,93,55,4.85,CA,2021-01-14 02:47:27
700,Belozerskoye,55.8214,65.5842,-20.47,86,0,5.21,RU,2021-01-14 02:47:27
701,Meaford,44.6001,-80.583,35.01,88,100,9.53,CA,2021-01-14 02:47:28
702,Luganville,-15.5333,167.1667,85.71,74,95,9.37,VU,2021-01-14 02:47:28
703,Bilibino,68.0546,166.4372,-24.39,81,72,5.28,RU,2021-01-14 02:47:28
704,Chimbote,-9.0853,-78.5783,70.56,83,100,6.26,PE,2021-01-14 02:46:56
705,Syedove,47.0768,38.156,28.0,53,100,5.01,UA,2021-01-14 02:47:28
706,Thio,-21.6167,166.2167,80.6,89,75,14.97,NC,2021-01-14 02:47:28
707,Victor Harbor,-35.5667,138.6167,71.01,52,38,14.97,AU,2021-01-14 02:47:28
708,Ilanskiy,56.2358,96.065,-7.53,90,100,16.11,RU,2021-01-14 02:47:28
709,Tazovskiy,67.4667,78.7,-7.08,92,100,7.4,RU,2021-01-14 02:47:28
710,Svetlaya,46.5389,138.3297,17.85,78,99,16.13,RU,2021-01-14 02:47:28
711,Marathon,44.9,-89.7668,30.99,93,1,2.91,US,2021-01-14 02:47:28
712,Regeneracao,-6.2378,-42.6883,72.97,93,92,2.51,BR,2021-01-14 02:47:28
713,Madimba,-10.4,40.3333,78.37,88,14,9.33,TZ,2021-01-14 02:47:28
714,Owando,-0.4819,15.8999,71.11,94,97,3.22,CG,2021-01-14 02:47:28
715,Sola,-13.8833,167.55,82.96,79,4,12.15,VU,2021-01-14 02:45:08
716,Gazojak,41.1875,61.4036,32.45,87,0,14.72,TM,2021-01-14 02:47:29
717,Sembakung,3.8167,117.25,80.6,89,75,10.36,ID,2021-01-14 02:47:29
718,Waitati,-45.75,170.5667,69.46,59,37,6.62,NZ,2021-01-14 02:47:29
719,Nacogdoches,31.6002,-94.6335,45.0,87,1,5.26,US,2021-01-14 02:47:29
720,Ramanuj Ganj,23.8,83.7,56.26,37,0,3.18,IN,2021-01-14 02:47:29
721,Ilorin,8.5,4.55,69.49,83,0,4.61,NG,2021-01-14 02:47:29
722,Kaeo,-35.1,173.7833,75.0,56,9,7.34,NZ,2021-01-14 02:47:29
723,Vila,42.0304,-8.1588,44.01,87,40,4.61,PT,2021-01-14 02:46:00
724,Mago,53.2514,140.1822,-6.54,87,100,4.09,RU,2021-01-14 02:47:29
725,Xacmaz,41.4635,48.806,54.45,52,100,9.66,AZ,2021-01-14 02:47:29
726,Sheboygan,43.7333,-87.9334,35.01,86,1,4.61,US,2021-01-14 02:47:29
727,Maraa,-1.8333,-65.3667,73.89,97,69,1.41,BR,2021-01-14 02:47:30
728,Beloha,-25.1667,45.05,74.26,93,24,6.51,MG,2021-01-14 02:47:30
